:1000000008B5406803681B699847003818BF01208D
:1000100008BD10B51446406803685B6898472046E1
:1000200010BD70477047FF2070470000014B1868F3
:10003000704700BF0000000070477047704770476E
:10004000004B18470000000000490847000000006E
:100050000148024B184700BF0000000000000000EC
:1000600070B504460D46164600214068044B98477B
:10007000324629466068034BBDE87040184700BF10
:10008000000000000000000013B5064B0C460122E2
:1000900001A99847012812BF00209DF80430237061
:1000A00002B010BD0000000010B504461021024B44
:1000B0009847204610BD00BF0000000010B5044660
:1000C0001021024B9847204610BD00BF00000000E1
:1000D00010B504463021024B9847204610BD00BFA2
:1000E0000000000010B504463421024B984720461A
:1000F00010BD00BF0000000010B504461421024BE3
:100100009847204610BD00BF0000000010B504460F
:100110000821024B9847204610BD00BF0000000098
:1001200008B58068002803DB0021024BC0B2984765
:10013000002008BD0000000010B5044680680028BB
:1001400007DB0121044BC0B298470021207A034B02
:100150009847002010BD00BF000000000000000014
:1001600008B5C068002803DB0021024BC0B29847E5
:10017000002008BD0000000010B50446C06800283B
:1001800007DB0121044BC0B298470021207B034BC1
:100190009847002010BD00BF0000000000000000D4
:1001A0000B4681681846014B184700BF000000004D
:1001B000012A10B50C4602D10160002010BD022AB0
:1001C00005D0032AF9D0002AF7D10260F5E70146ED
:1001D000024B0420984723680360EEE7000000000C
:1001E0000368086818470000012A10B50C4602D1C0
:1001F0000160002010BD022A05D0032AF9D0002A90
:10020000F7D10260F5E70146024B042098472368C6
:100210000360EEE70000000010B40C4603681168AC
:1002200020685DF8044B1847012A10B50C4602D12E
:100230000160002010BD022A05D0032AF9D0002A4F
:10024000F7D10260F5E70146024B04209847236886
:100250000360EEE7000000000368184738B50C1A89
:10026000002C134605DD014622461846024DA847DC
:100270000346181938BD00BF0000000070B50446E1
:100280000D46054EB04705F10C0104F10C00B047D6
:10029000AB69A36170BD00BF00000000002810B56D
:1002A00006D001DA034B9847034BBDE810401847CE
:1002B00010BD00BF00000000000000002DE9F0416B
:1002C000037904467E2B0F4616461ED8C06808B137
:1002D0000F4B9847DFF840802179D8F800000025BF
:1002E0000368DB6A9847D8F80000B542036807DB6B
:1002F0005B6B9847E06840B1BDE8F041054B18479B
:10030000795D1B6898470135EDE7BDE8F08100BFD6
:1003100000000000000000000000000010B503799C
:1003200004467E2B04D90368DB6898474008207197
:1003300010BD0000004B184700000000004B18479C
:1003400000000000004B1847000000000A200021B8
:10035000004B18470000000010B5C068002803DB00
:100360000121044BC0B29847BDE810406420002131
:10037000014B1847000000000000000010B5C068E5
:10038000002803DB0021044BC0B29847BDE81040B1
:1003900064200021014B184700000000000000000D
:1003A00010B58068002803DB0121044BC0B29847D8
:1003B000BDE8104064200021014B184700000000F8
:1003C0000000000010B58068002803DB0021044B0A
:1003D000C0B29847BDE8104064200021014B184787
:1003E000000000000000000010B58368044613B14F
:1003F000032201469847204610BD000010B5044670
:10040000034B40F8043B034B9847204610BD00BF08
:10041000080000000000000010B50446034B984798
:1004200020461421024B9847204610BD00000000D2
:100430000000000010B50446034B40F8043B034B9A
:100440009847204610BD00BF0800000000000000D3
:1004500010B50446034B984720461421024B984799
:10046000204610BD000000000000000010B504464A
:10047000034B40F8043B034B9847204610BD00BF98
:10048000080000000000000010B50446034B984728
:1004900020461421024B9847204610BD0000000062
:1004A00000000000D0E901239B1A0269B2EBA30F00
:1004B00084BF00234375407D7047D0E901329342E9
:1004C00018BF83600023036183820360704710B507
:1004D000D0E901431B1BB1EBA30F3DBF54F8213002
:1004E0000068D218002038BF801810BD70B5074EC4
:1004F000051D044631462846054B984700233146E2
:1005000023602846034B9847204670BDA90300008E
:1005100000000000000000000022C0E90022C0E945
:10052000022202618282704738B54FF48072002146
:100530000C4B0446002598474FF0FF330A49C4E9A5
:100540004053C4F80851094B04F586709847C4E934
:100550004655C4E94855064B04F594709847204623
:1005600038BD00BF00000000A9030000000000002B
:100570000000000038B5044600F138054FF0FF32A6
:1005800005494FF0FF332846884794F860412846D4
:10059000024B9847204638BD0000000000000000D4
:1005A00070B50446C0680D4608B10A4B98470A4E1C
:1005B000690830680368DB6A9847306803685B6BDA
:1005C00098470546E06808B1044B9847B5FA85F0AE
:1005D000400970BD000000000000000000000000A5
:1005E00010B5054B90F830100446984710B194F8B8
:1005F000300010BDFF20FCE70000000010B5044BE8
:10060000017C0446984708B1207C10BDFF20FCE720
:1006100000000000084B10B5C0E90232074B044649
:1006200003606C23017180F830302022E021044BFC
:1006300010309847204610BD9702000008000000C7
:10064000000000007FB5072905460C4618460392B6
:1006500018DC1F2300930023642219460A4EB0477A
:100660009DF80D309DF80E201B0443EA0223C0B212
:100670009DF80C20034343EA0263043443F0E00393
:1006800045F8243004B070BD0000000013B50446E6
:10069000C06A002833D0E06808B11E4B9847002399
:1006A0008DF80730E36A0DF1070118681B7943B331
:1006B000194B98479DF807306BB1E36A18681B79AE
:1006C0000BB3164B9847E36A04F1180118681B79BD
:1006D000DBB1134B9847E06808B1124B9847237E73
:1006E000ABB9638B07EE903AF8EE677AF4EE677A6F
:1006F000F1EE10FAC4ED0A7A74BF0120002002B0B6
:1007000010BD094BD5E7094BDCE7094BE2E7DFED0C
:10071000097AEBE700000000000000000000000084
:1007200000000000000000000000000000000000C9
:10073000000000000000C07F2DE9F341584CE06844
:1007400008B1584B9847584F292138680368DB6A2D
:100750009847386803685B6B984740B1E0680028A9
:1007600000F09A80514B02B0BDE8F04118471020CC
:100770004F4EB0473B684F4A4FF05208C0E9002344
:100780004FF0FF3305468360A0F80C804A4B206190
:1007900098474A4B28469847AB8943452AD041465B
:1007A0002846474B984728B3206900284DD100239D
:1007B00010202361B0473B68522783604FF0FF331E
:1007C0000546404AC36002603F4B0771606198472D
:1007D0003E4B284698472B79BB423AD039462846AB
:1007E0003B4B9847002834D0606900284AD1002349
:1007F0006361B3E72846374B0DF10601984700289F
:10080000D2D14EF6AA33BDF806209A42CCD1284662
:10081000314B98470028C7D10820B04723690360AF
:10082000012303712D4BE0629847E36A1A79002A8D
:100830002CD0002214211868294B9847E36A1868C5
:100840001B793BB3274B984788E703685B68984759
:10085000ADE72846244B0DF1060198470028C3D187
:100860004EF6AA43BDF806209A42BDD128461F4B3A
:10087000984705460028B7D10820B047636905713D
:100880000360CFE703685B689847B0E718681421F6
:10089000174BD2E7174BD6E702B0BDE8F08100BF97
:1008A0000000000000000000000000000000000048
:1008B0000000000008000000000000000000000030
:1008C0000000000008000000000000000000000020
:1008D0000000000000000000000000000000000018
:1008E0000000000000000000000000000000000008
:1008F000000000000000000010B50648064CA047AC
:100900000648A0470648A0472346BDE810400548D2
:10091000184700BF000000000000000000000000B9
:100920000000000000000000F7B5044600250A4F53
:100930000191D6B2294633462046019A0135B8477F
:10094000082DF7D120222046044B04F1100103B0FA
:10095000BDE8F040184700BF0000000000000000A4
:10096000F7B5002504462E460A4FADF804608DF811
:100970000660294605232046019A0135B847082D0F
:10098000F3D120222046044B04F1100103B0BDE84E
:10099000F0401847000000000000000058B1074A6E
:1009A00007485178137843EA01239178642243EA97
:1009B0000141044B18470248034B18470000000050
:1009C000000000000000000000000000431E58422C
:1009D0005841014B184700BF0000000070B50446A5
:1009E000184D1948A8471948A8471948A847022C84
:1009F00011D0032C1AD0012C23D1164A1248517859
:100A0000137843EA01239178502243EA0141124BC3
:100A1000BDE870401847114A0C485178137843EAF2
:100A200001239178502243EA0141F0E70C4A08483B
:100A30005178137843EA01239178502243EA014127
:100A4000E5E770BD000000000000000000000000AD
:100A50000000000000000000000000000000000096
:100A600000000000004B1847000000000148024B46
:100A7000184700BF000000000000000007B5054B4C
:100A8000CDE90001082269460348984703B05DF8A4
:100A900004FB00BF0000000000000000004B1847EE
:100AA0000000000010B50446006818B1A168024BB0
:100AB000091A9847204610BD0000000008B50248FA
:100AC000024B984708BD00BF000000000000000076
:100AD00008B50248024B984708BD00BF000000005F
:100AE0000000000030B5836885B003930023D0E98F
:100AF00000420D68CDE9014205604D6845608D6892
:100B00008560C1E900338B6001A8024B984705B0AE
:100B100030BD00BF0000000010B5D0E901431B1B31
:100B2000B1EBA30F3DBF036854F82110D218002089
:100B300038BF505C10BD000008B5D0E90132D31AAF
:100B4000B1EBA30F15D2114B00229847030612D523
:100B50008F2812D99F2812D9BF2812D9C02807D0B0
:100B6000C12805D0C3280ED9E02828BFE020C0B294
:100B700008BDC120FCE70020FAE78020F8E79020BC
:100B8000F6E7A020F4E7C220F2E700BF0000000073
:100B900008B5024B0169984708BD00BF000000007E
:100BA00008B5064B9847902806D02430C0B20128DB
:100BB0008CBF0020012008BD0120FCE700000000E0
:100BC00008B5064B9847E02806D03030C0B203285D
:100BD0008CBF0020012008BD0120FCE700000000C0
:100BE00070B50669D0E901239B1AB6EBA30F044642
:100BF00003D300234375002008E00125064B45750B
:100C00009847C0282E4402D12846266170BD002393
:100C100026616375EFE700BF0000000008B5064BD2
:100C20009847802806D02230C0B201288CBF00200F
:100C3000012008BD0120FCE70000000008B5064BBC
:100C4000984730B13430C0B203288CBF0020012057
:100C500008BD0120FCE700BF0000000073B5056976
:100C6000D0E901639B1BB5EBA30F044604D300231B
:100C700043759FED100A17E0012343750E4B98470B
:100C8000CA2805F1010311D1236156F82500226815
:100C9000031D134401A9024413F801099A4201F803
:100CA000010BF9D19DED010A02B070BD0022236154
:100CB0006275DEE700000000000000000000000098
:100CC00073B50569D0E901639B1BB5EBA30F04461F
:100CD00004D3002343759FED120B18E001234375E5
:100CE000114B9847CB2805F1010312D169462361C6
:100CF00056F82500226800F108031344024413F853
:100D000001099A4201F8010BF9D19DED000B02B0E7
:100D100070BD002223616275DDE700BFAFF3008084
:100D200000000000000000000000000073B505692D
:100D3000D0E901639B1BB5EBA30F044604D300234A
:100D400043750020002118E0012343750E4B98479E
:100D5000D32805F1010312D16946236156F8250015
:100D6000226800F108031344024413F801099A426F
:100D700001F8010BF9D1DDE9000102B070BD0022DC
:100D800023616275DDE700BF0000000073B50569EF
:100D9000D0E901639B1BB5EBA30F044603D30023EB
:100DA0004375002016E0012343750D4B9847D22868
:100DB00005F1010310D1236156F825002268031DB7
:100DC000134401A9024413F801099A4201F8010BE6
:100DD000F9D1019802B070BD002223616275E0E78D
:100DE0000000000070B50569D0E901639B1BB5EBFD
:100DF000A30F044603D300234375002011E0012311
:100E000043750A4B9847D12805F101030AD12361A4
:100E100056F825202368134498785B7863F30F20F5
:100E200000B270BD002223616275E6E70000000099
:100E300038B50569D0E901239B1AB5EBA30F044629
:100E400003D30023437500200EE001234375094BB3
:100E50009847E02805F1010307D1236100222946C4
:100E60002046054B984740B238BD00222361627589
:100E7000E9E700BF000000000000000038B5056988
:100E8000D0E901239B1AB5EBA30F044603D300233B
:100E9000437500200DE001234375084B98476B1CF8
:100EA000024638B9236129462046054B984700F091
:100EB0007F0038BD002223616275EAE70000000070
:100EC0000000000070B50569D0E901239B1AB5EB5D
:100ED000A30F044603D30023437500200DE0012631
:100EE000084B46759847CC2805EB060306D12361CD
:100EF000324629462046044B984770BD00222361A4
:100F00006275EAE7000000000000000010B5D0E9BB
:100F100001431B1BB1EBA30F37BF54F82130002056
:100F2000D21803683FBF991848789B5C40EA0320B9
:100F300010BD000070B50569D0E901239B1AB5EB1F
:100F4000A30F044603D30023437500200DE00126C0
:100F5000084B46759847CD2805EB060306D123615B
:100F6000324629462046044B984770BD0022236133
:100F70006275EAE7000000000000000013B5D0E948
:100F800001431B1BB1EBA30F10D254F821300168B1
:100F90001A44131D0B4401A8114413F8012D8B4270
:100FA00000F8012BF9D1019802B010BD0020FBE739
:100FB00038B5424B04460D469847002877D0803814
:100FC000C3B2602B75D8602873D8DFE800F0707268
:100FD00072727272727272727272727272727072F3
:100FE00072727272727272727272727272723F7214
:100FF00072727272727272727272727272727272D1
:1010000072727272727272727272727272727072C2
:101010007072484F565D62693539743135397431B3
:1010200035393133373B3D484F5631353135700016
:10103000032038BD0420FCE70520FAE70620F8E786
:101040000920F6E70A20F4E71220F2E700222946F9
:1010500020461B4B984700F01F000130E9E70122B2
:1010600029462046164B98470230E2E701222946DE
:101070002046144B98470330DBE7012229462046DF
:10108000114B98470530D4E70122294620460C4BE6
:10109000F0E70122294620460A4B98470430C8E76A
:1010A000012229462046084B98470630C1E7012017
:1010B000BFE70020BDE70220BBE700BF0000000043
:1010C00000000000000000000000000070B505698D
:1010D000D0E901239B1AB5EBA30F044603D30023E9
:1010E0004375002013E00126124B46759847DC2813
:1010F00005EB06030CD0DD2811D0902815D1236113
:101100000022294620460C4B984700F00F0070BD86
:101110003246294620462361084B9847F7E723616A
:10112000324629462046064BF7E7002223616275C6
:10113000D7E700BF00000000000000000000000032
:101140000000000038B5037D04460D461BB1D0E910
:1011500001239A4202D10023637538BD9B1A0269AC
:10116000B2EBA30FF7D2054B98472860637D002BA5
:10117000F3D02046024B9847EFE700BF0000000085
:101180000000000070B50569D0E901239B1AB5EB9A
:10119000A30F044603D30023437500200DE001266E
:1011A000084B46759847CE2805EB060306D1236108
:1011B000324629462046044B984770BD00222361E1
:1011C0006275EAE7000000000000000070B50569E4
:1011D000D0E901239B1AB5EBA30F044603D30023E8
:1011E0004375002013E00126124B46759847DE2810
:1011F00005EB06030CD0DF2811D0802815D1236120
:101200000022294620460C4B984700F00F0070BD85
:101210003246294620462361084B9847F7E7236169
:10122000324629462046064BF7E7002223616275C5
:10123000D7E700BF00000000000000000000000031
:101240000000000013B5D0E901431B1BB1EBA30F55
:1012500012D254F82130016868461A4402F108039A
:101260000B44114413F8012D8B4200F8012BF9D1E6
:10127000DDE9000102B010BD00200021FAE7000006
:1012800070B50569D0E901239B1AB5EBA30F04469D
:1012900004D300234375002001460DE00126094BCD
:1012A00046759847CF2805EB060306D123613246E1
:1012B00029462046044B984770BD00222361627581
:1012C000E9E700BF000000000000000010B5D0E911
:1012D00001431B1BB1EBA30F3DBF036854F8211062
:1012E000D218002038BF505610BD000070B50569F7
:1012F000D0E901239B1AB5EBA30F044603D30023C7
:10130000437500200DE00126084B46759847D0280C
:1013100005EB060306D12361324629462046044BDD
:10132000984770BD002223616275EAE70000000063
:101330000000000010B5084B04469847D62808D195
:10134000064B0122204621699847431C58425841C8
:1013500010BD0020FCE700BF0000000000000000FE
:1013600010B5084B04469847D72808D1064B0122F0
:10137000204621699847431C5842584110BD00201F
:10138000FCE700BF000000000000000038B50C4B77
:1013900004469847C72811D12569022229462046CC
:1013A000084B9847013009D1074B012229462046B6
:1013B0009847A0F10C035842584138BD0020FCE783
:1013C00000000000000000000000000010B5D0E99F
:1013D00001431B1BB1EBA30F3DBF036854F8211061
:1013E000D218002038BF505C10BD000038B5037D16
:1013F00004460D461BB1D0E90123934203D10023DB
:101400006375002038BD9B1A0269B2EBA30FF6D2B8
:10141000044B98472870637D002BF2D02046024B86
:101420009847EFE7000000000000000070B5037D62
:1014300004460D461BB1D0E90123934203D100239A
:101440006375002070BD06699B1AB6EBA30FF6D238
:10145000012343750C4B9847C22806F101030FD1B5
:101460002361002231462046084B984700F00100D6
:101470002870637D002BE4D02046054B9847E1E7B8
:10148000002023616075F3E7000000000000000009
:10149000000000002DE9F043037D04460E4685B0B0
:1014A0001BB1D0E90123934205D1002363750020CD
:1014B00005B0BDE8F08305699B1AB5EBA30FF4D224
:1014C0000127464B47759847DA28454B6CD00BD817
:1014D000A02824D0D9284DD0002201354149627579
:1014E000256101A898472FE0DB28F5D13D4901A8E7
:1014F00098473A46204621693B4B984700250746C6
:10150000DFF8FC80DFF8FC90AF4221691AD06A1D39
:101510002046C047014601A8C8470135F4E73149D4
:1015200001A89847002220462169304B98470025A2
:10153000DFF8CC80DFF8CC9000F01F07EBB29F42C1
:1015400021690FD801312161294B01A93046984703
:10155000284B01A89847637D002BA8D02046264B36
:101560009847A5E701352A462046C047014601A80D
:10157000C847E3E71B4901A898473A462046216936
:101580001A4B984700250746DFF87480DFF87490FF
:10159000EBB2BB422169D5D2AA1C2046C047014606
:1015A00001A8C8470135F3E70E4901A898473A4614
:1015B00020462169114B984700250746DFF84080F7
:1015C000DFF84090ABB29F422169BBD9EA1C2046AC
:1015D000C047014601A8C8470135F3E700000000F5
:1015E00000000000A903000000000000000000004F
:1015F00000000000000000000000000000000000EB
:1016000000000000000000002DE9F041037D0446C9
:101610000E461BB1D0E90123934204D10023637528
:101620000020BDE8F08107699B1AB7EBA30FF5D244
:10163000012343751F4B984707F1010890B11E4BDA
:10164000022239462046C4F81080984700231D46E0
:10165000C6E90003B560637D002BE1D02046174B3F
:101660009847DEE72046164B984750B1154B0222AB
:1016700039462046C4F8108098478D0801F00303CE
:10168000E6E72046104B9847054670B103223946DD
:10169000094B204698470B4B054607223946204602
:1016A000C4F8108098470B46D2E703466075C4F82B
:1016B0001080CDE7000000000000000000000000E6
:1016C000000000000000000000000000F8B5074620
:1016D0000423194E013B00D1FEE73568BD4202D11B
:1016E00074682046F8BD25BB3146144B41F8087B91
:1016F0004FF4846098474FF480620446104B2946AB
:1017000040F8047B98474FF0FF330E4AC4F8083482
:101710001368C4F804540133C4F80C54C4F81054CA
:10172000C4F81454C4F81854C4F81C5413607460FA
:10173000D7E706F58566CDE7000000000000000051
:10174000000000000000000010B50446006818B159
:10175000A168024B091A9847204610BD00000000FE
:1017600010B50446064B00F596709847054B04F5F6
:101770008C709847044B04F586709847204610BD3E
:101780000000000000000000000000002DE9F84FFC
:101790006FF06043D0E9008A1546AAEB0802B3EB6C
:1017A000A20F074689464FEAA20402D12748284BD8
:1017B0009847C24514BF22460122A418A1EB080B8A
:1017C0002BD264B39C4228BF1C46224BA0009847F2
:1017D0000646214B042006EB0B0198472B68BBF112
:1017E000000F03600BF10405AAEB090A19DD5A4644
:1017F00041463046194B98477019BAF1000F00EB7B
:101800000A0503DD52464946154B9847B9684046DC
:10181000144BA1EB0801984710E01C46D5E726467B
:10182000D7E7BAF1000F354404DD52464946284651
:101830000B4B98475544B8F1000FE7D1C7E9006555
:1018400006EB8406BE60BDE8F88F00BFAB03000066
:101850000000000000000000000000000000000088
:1018600000000000000000002DE9F7430446164682
:101870000025184FDFF86080DFF860900160AE420D
:10188000A16801950FD8636851F8045CC91A8910E2
:1018900020460139B8472844831B584258412075D7
:1018A00003B0BDE8F083E3688B420ED00420C84744
:1018B0000560A3680433A360D4E90131C91A891013
:1018C00020460139B8470544D9E7194601AA201D29
:1018D000C047F1E700000000000000000000000029
:1018E0002DE9F041044600F130070E4615464FF051
:1018F000FF334FF0FF3238460649884720462946D5
:10190000054B40F8046B98473846BDE8F041034B5F
:10191000184700BF000000000000000000000000A9
:101920002DE9FF4104468846002517461E46134B05
:1019300098474146C4E90455114B04F118009847F3
:101940000A9B1422E36204F1300329461846C4E9D5
:1019500009760C4DA8470C4B98470C490C4B01A835
:101960009847FF21204601AA0A4B98470A4B01A835
:101970009847204604B0BDE8F08100BF0000000099
:1019800000000000000000000000000063030000F1
:101990000000000000000000000000001FB5044629
:1019A0000749084B01A89847FF21204601AA064B8A
:1019B0009847064B01A89847002004B010BD00BF0F
:1019C00042030000000000000000000000000000D2
:1019D00038B5044600F130054FF0FF3207494FF0AB
:1019E000FF332846884724682846002CD4BF0024AB
:1019F0000124034B9847204638BD00BF000000007B
:101A00000000000010B504461046D4E900236FF032
:101A100000449B1AE21A8A4201D2074B9847994226
:101A200038BF19465B1804D2A34228BF2346184684
:101A300010BD2046FCE700BF000000002DE9F04784
:101A4000D0E901739F4204468846DFF878A00AD0A7
:101A500039460120D04798F800300370636801339D
:101A60006360BDE8F087134A0121134B9847134B7D
:101A7000266881469847B91B014405460120D04796
:101A800098F80030394603702A46DFF83C8030462B
:101A9000C0473946421C3846C047074626B1A168B0
:101AA0003046074B891B9847C4E900574D44A56051
:101AB000D7E700BFAB0300000000000000000000FB
:101AC00000000000000000000000000007B5044B0B
:101AD0008DF807100DF10701984703B05DF804FB7E
:101AE0000000000010B50446034BC0219847E3688E
:101AF0000133E36010BD00BF000000002DE9F04796
:101B0000D0E901739F4204468846DFF878A00AD0E6
:101B100039460120D04798F80030037063680133DC
:101B20006360BDE8F087134A0121134B9847134BBC
:101B3000266881469847B91B014405460120D047D5
:101B400098F80030394603702A46DFF83C8030466A
:101B5000C0473946421C3846C047074626B1A168EF
:101B60003046074B891B9847C4E900574D44A56090
:101B7000D7E700BFAB03000000000000000000003A
:101B800000000000000000000000000037B504461F
:101B90000D46074BCC2198472046064B0DF1070117
:101BA0008DF807509847E3680133E36003B030BD18
:101BB00000000000000000002DE9F047D0E90173AB
:101BC0009F4204468846DFF878A00AD039460120B3
:101BD000D04798F800300370636801336360BDE854
:101BE000F087134A0121134B9847134B266881460F
:101BF0009847B91B014405460120D04798F80030AA
:101C0000394603702A46DFF83C803046C0473946E3
:101C1000421C3846C047074626B1A1683046074BEC
:101C2000891B9847C4E900574D44A560D7E700BF1A
:101C3000AB030000000000000000000000000000F6
:101C40000000000000000000F8B505460E46032421
:101C5000034F31192846B847013CFAD2F8BD00BFFE
:101C60000000000013B504460191064BCE219847B1
:101C70002046054B01A99847E3680133E36002B0B1
:101C800010BD00BF000000000000000070B5054658
:101C90000C46044E0131B047214628463346BDE884
:101CA00070401847000000000F2913B504460BD8F8
:101CB00061F06F018DF804100D4B01A99847E3689E
:101CC0000133E36002B010BDB1F5803F094B08D28B
:101CD000ADF80410DC2198472046074B01A998472E
:101CE000EDE70191DD2198472046044B01A9F6E775
:101CF00000000000000000000000000000000000E4
:101D000013B50446ADF80610064BCD219847204682
:101D1000054B0DF106019847E3680133E36002B01B
:101D200010BD00BF00000000000000007E2913B5B8
:101D300004460AD80D4B8DF807100DF1070198479E
:101D4000E3680133E36002B010BDFF2903D8084BFC
:101D5000C9B29847F7E7B1F5803F03D2054B89B286
:101D60009847F0E7044B9847EDE700BF00000000FC
:101D700000000000000000000000000073B50C1E11
:101D8000054621DB7E2C08DC8DF8044001A9234B9D
:101D90009847EB680133EB6008E0E317B4F5807F08
:101DA00073F1000204D21E4BE1B2984702B070BD3D
:101DB000B4F5803F73F1000303D21A4BA1B29847E8
:101DC000F4E7194B9847F1E714F11E0FDCDA14F130
:101DD000800F164B06DBD021984728468DF804402B
:101DE00001A9D4E714F5004F114E0BDBD121ADF85A
:101DF0000440984728460DF10501B047284601A93F
:101E0000B047C6E70194D2219847032401AB1919C2
:101E10002846B047013CF9D2BBE700BF00000000F4
:101E200000000000000000000000000000000000B2
:101E3000000000002DE9F84F04460D46DFF88CA0A5
:101E400001EB020BAB4501D1BDE8F88FD4E901836A
:101E5000984509D041460120D0472B78037063682C
:101E6000013363600135EDE7134A0121134B20462E
:101E70009847134B276881469847A8EB0701014410
:101E800006460120D0472B784146037032460D4B61
:101E9000384698474146421C0A4B40469847804680
:101EA00027B1A1683846084BC91B9847C4E90068A8
:101EB0004E44A660D6E700BFAB0300000000000060
:101EC0000000000000000000000000000000000012
:101ED000F7B58D6804461F2D0F68174E0FD865F0B3
:101EE0005F038DF8043001A9144B98472A46394600
:101EF0002046B047E3680133E36003B0F0BDFF2D37
:101F00000F4B06D8D921984720468DF8045001A9D7
:101F1000EAE7B5F5803F08D2DA2198472046094B19
:101F2000ADF8045001A99847E0E7DB219847204627
:101F3000054B019501A9F6E7000000000000000034
:101F400000000000000000000000000038B50C4652
:101F500005460221074B984754F8041B2846064BB8
:101F6000984728462146054B98472846044B9847F2
:101F700038BD00BF000000000000000000000000AD
:101F800000000000F0B51D4B064689B008460F461C
:101F9000144698470546B0B919491A4B01A8984705
:101FA000FD2301A9049305A8174B9847174D01A8D5
:101FB000A8472046164B04A9984705A8A84700251E
:101FC000284609B0F0BD0023694600933846114BFE
:101FD0009847009B0BB11049DFE7F3680BB90F4B33
:101FE00098473369301D984706460D4B2046984761
:101FF000314620460B4B9847E2E700BF0000000047
:102000009C02000000000000000000000000000032
:102010000000000000000000BC0200000000000002
:10202000000000000000000038B50569D0E9012378
:102030009B1AB5EBA30F044603D30023437500207E
:102040001CE001234375214B984728B300F134036A
:10205000DBB2142B35D8CC38142832D8DFE800F0A6
:102060001F22252B0F121518313131313131313109
:10207000313131310B002046154B984738BD204691
:10208000144BFAE72046144BF7E72046134BF4E7CE
:102090002046134B9847F1E72046124BEDE72046C8
:1020A000114BEAE72046114BE7E72046104B9847D3
:1020B00020EAE070E2E720460E4B98470029DDDA7F
:1020C000BDE70023013563752561B8E70000000016
:1020D0000000000000000000000000000000000000
:1020E00000000000000000000000000000000000F0
:1020F000000000000000000038B5037D04460D46D6
:102100001BB1D0E90123934203D100236375002062
:1021100038BD9B1A0269B2EBA30FF6D2044B984765
:102120002860637D002BF2D02046024B9847EFE7F2
:10213000000000000000000038B50569D0E9012367
:102140009B1AB5EBA30F044604D3002343759FED00
:102150002F0A21E0012343752D4B9847A8B100F1C8
:102160003603DBB2162B4BD8CA38162848D8DFE81E
:1021700000F03B3F14171A1D2D30333647474747B1
:10218000474747474747474725002046214B984741
:1021900000EE100AB8EE400A38BD20461E4BF6E7A6
:1021A00020461E4BF3E720461D4BF0E71D4B204613
:1021B00098471D4B984700EE100AEDE720461B4B51
:1021C000984700EE100AB8EEC00AE5E72046184B23
:1021D000F6E72046174BF3E72046174BF0E7174B7F
:1021E00020469847164BE5E72046164B9847D3E71D
:1021F0002046154B9847154B51EC100B9847DAE7E2
:102200000023013563752561A1E700BF00000000D0
:1022100000000000000000000000000000000000BE
:1022200000000000000000000000000000000000AE
:10223000000000000000000000000000000000009E
:10224000000000000000000000000000000000008E
:1022500038B50569D0E901239B1AB5EBA30F0446F5
:1022600004D3002343759FED2C0B21E0012343751C
:102270002B4B9847A8B100F13603DBB2162B46D89A
:10228000CA38162843D8DFE800F0363E14171A1D66
:10229000282B2E3142424242424242424242424274
:1022A000230020461F4B98471F4B984741EC100BCB
:1022B00038BD20461D4BF6E720461D4BF3E7204670
:1022C0001C4BF0E71C4B204698471C4B9847EDE70A
:1022D00020461B4B98471B4BE7E720461A4BF9E774
:1022E00020461A4BF6E72046194BF3E7194B2046D8
:1022F0009847194BEAE72046184B9847184B10EEC1
:10230000100A9847D2E72046164B9847D0E700239B
:10231000013563752561A6E700000000000000009C
:1023200000000000000000000000000000000000AD
:10233000000000000000000000000000000000009D
:10234000000000000000000000000000000000008D
:10235000000000000000000000000000000000007D
:1023600000000000000000002DE9F7430F69D1E9EB
:1023700001239B1AB7EBA30F06460D4608D3002393
:102380004B75C0E900338360304603B0BDE8F0838D
:102390004FF001080846344B81F815809847C5284E
:1023A0004FF0000421D0C6283BD0C42854D1C6E940
:1023B0000044B460424628462969DFF8B880C04727
:1023C0000746DFF8B490E3B29F42296902D8013191
:1023D0002961D9E7A21C2846C0470DF107018DF8F5
:1023E00007003046C8470134EDE7C6E90044B46051
:1023F0004246284629691D4B98470746DFF87480F6
:10240000DFF87490A3B2BB422969E0D2E21C2846EF
:10241000C0470DF107018DF807003046C847013469
:10242000F0E7C6E90044B460424628462969104BEB
:1024300098470746DFF83C80DFF83C90A7422969BF
:10244000C5D0621D2846C0470DF107018DF8070071
:102450003046C8470134F1E701376C752F61C6E992
:102460000044B46090E700BF0000000000000000DE
:1024700000000000000000000000000070B5037DB7
:1024800004460E4615461BB1D0E90123934203D101
:1024900000236375002070BD9B1A0269B2EBA30F85
:1024A000F6D2054B98473060637D002BF2D0294669
:1024B0002046024B9847EEE70000000000000000B5
:1024C000F8B506460F4615460024AC4201D3204617
:1024D000F8BD30682A1B036839199B689847044483
:1024E000F3E700002DE9F04300258846044685B057
:1024F000D0F8187404216846DFF870901646CDE9CC
:102500000055CDE90255C84729466846124B984701
:1025100039466846114B9847114B414668469847E3
:1025200029466846C847DDE900156D1A2A46204647
:102530000C4B984785420C4A04D06846904705B03A
:10254000BDE8F083D4F8183468460133C4F8183471
:1025500090473760F3E700BF000000000000000074
:10256000000000000000000000000000000000006B
:102570002DE9FF470025894698460446D0F818748F
:1025800004216846DFF874A01646CDE90055CDE970
:102590000255D04729466846134B9847134B394696
:1025A00068469847124D49466846A8470121684643
:1025B000D04741466846A847DDE900156D1A2A460E
:1025C00020460C4B984785420B4A04D068469047FA
:1025D00004B0BDE8F087D4F8183468460133C4F875
:1025E000183490473760F3E7000000000000000057
:1025F00000000000000000000000000000000000DB
:102600002DE9F04304460D461646DFF89490DFF8B6
:10261000948085B000F12407642200233846C8471F
:10262000002831D12368CDE90000CDE90200DFF8B0
:10263000789068460321D3F80080144CC847684658
:102640000221A047124B2946684698476846012157
:10265000C84768463168A047DDE90014641A0D4B8D
:10266000224640469847844208BFD8F81834684646
:1026700004BF0133C8F81834074B98473846074B56
:1026800005B0BDE8F0431847C047C5E700000000AB
:10269000000000000000000000000000000000003A
:1026A00000000000000000000000000008B5D1F8A4
:1026B00004315A1C09D0D1E946128A4205D0022BB6
:1026C00003D00068014B521A984708BD0000000073
:1026D0002DE9F041044600F130070E4615464FF053
:1026E000FF334FF0FF3238460649884720462946D7
:1026F000054B40F8046B98473846BDE8F041034B62
:10270000184700BF000000000000000000000000AB
:102710002DE9FF4104468846002517461E46144B06
:1027200098474146C4E90455124B04F118009847F4
:102730000A9B2946E36204F1300314221846C4E9D7
:1027400009760D4DA8470B9A0C4B626498470C49CB
:102750000C4B01A89847FF21204601AA0A4B984735
:102760000A4B01A89847204604B0BDE8F08100BF9D
:102770000000000000000000000000000000000059
:1027800063030000000000000000000000000000E3
:1027900038B5044600F130054FF0FF3207494FF0DD
:1027A000FF332846884724682846002CD4BF0024DD
:1027B0000124034B9847204638BD00BF00000000AD
:1027C00000000000034670B508465418D3F80414FE
:1027D0008C421DD8B8B16FF003060432091A1A44AE
:1027E000F61AB518A9420FD8D3F81024C3F8041468
:1027F00094428DBF0022121AC3F81024C3F810248B
:1028000088BFC3F8142470BD155C02F8015BE8E7CB
:102810000020F8E710B5094B0022D0F80C1404464C
:1028200098474FF0FF33C4F808340023C4F80C3441
:10283000D4F81C340133C4F81C3410BD000000006F
:102840002DE9F041037D04460D4616461BB1D0E943
:102850000123934203D10023637500202AE09B1AD1
:1028600002694FEAA308B2EBA30FF4D2124A134F46
:10287000136813F0010302BF3B6001231360104B88
:102880009847637D3860002BE7D023699845E2D9EB
:102890000C4B204698472860637D002BDDD00A4B07
:1028A0002046291D9847637D002BD6D0314620460F
:1028B000064B9847BDE8F0810000000000000000D2
:1028C0000000000000000000000000000000000008
:1028D0002DE9F04105460E4600241C27DFF8208034
:1028E000D5F8F03AA34202D80020BDE8F081314685
:1028F00007FB0450C0470028F7D10134F0E700BFC0
:102900000000000038B50569D0E901239B1AB5EB3A
:10291000A30F044603D300234375002013E00123D3
:102920004375124B984758B100F13403DBB2032BC7
:1029300017D8CD38022807D8DFE800F0090C0F00BF
:1029400020460B4B984738BD20460A4BFAE72046F5
:10295000094BF7E72046094BF4E72046084B984718
:10296000F1E70023013563752561D6E7000000001B
:102970000000000000000000000000000000000057
:102980000000000070B5037D04460E4615461BB1DD
:10299000D0E90123934203D100236375002070BD69
:1029A0009B1A0269B2EBA30FF6D2054B9847306031
:1029B000637D002BF2D029462046024B9847EEE774
:1029C00000000000000000002DE9F041D1F80C7477
:1029D0000446032F0D462A4E8CB006D820462949BE
:1029E000B04720460CB0BDE8F081D1F8083433F090
:1029F0000208F3D1244B06A89847244B06A8984711
:102A00003A46234B291D06A8984748B92846214B2A
:102A1000984720461B49B0471F4B07A89847E0E757
:102A2000184903A8B0476A461C4B01A906A8CDF86F
:102A30000480984748B92846164B984720461149C4
:102A4000B047174B03A89847E6E7009B73B9019B73
:102A5000042BF0D1134B03AA02A906A8984700281B
:102A6000E9D02046104B03A99847EAE7022BE2D1B0
:102A7000019B032BDFD10D4B03A906A89847EEE776
:102A800000000000A903000000000000000000009A
:102A90000000000000000000000000000000000036
:102AA0000000000000000000000000000000000026
:102AB000F0B5D0F80051044687B01DB9002528466E
:102AC00007B0F0BD00F5947630461E4B98472A4675
:102AD000214630461C4B98470028EFD01B491C4B21
:102AE00003A8984700236A4602933046194B02A96F
:102AF0009847054620B90025174B03A89847DEE7FD
:102B0000009FA7B9029B042BF5D13046134B03AAB3
:102B100001A998470028EED0114B03A904F586704F
:102B20009847019BC4F80471C4F80831E4E7022F08
:102B3000E1D1029B032BDED130460A4B03A9984713
:102B4000E8E700BF0000000000000000A90300004B
:102B50000000000000000000000000000000000075
:102B600000000000000000002DE9F047374B06464A
:102B700088B008460C46984704F5867804F59477A3
:102B8000C0B94FF0FF333249C4E94130C4F8000105
:102B9000304B40469847304B38469847D4E9463248
:102BA000934218BFC4F81C310023C4F8243108B084
:102BB000BDE8F087D4E94632934218BFC4F81C310F
:102BC0000023C4F82431D4F8043104F58C7563B9BA
:102BD00004212846214B984701212846204B98473D
:102BE0002846D4F808111F4B98470024DFF888A026
:102BF00006F10409D6F8F43A41469C4212D31A4B26
:102C000001A89847FE2301A9049305A8174B9847EC
:102C10002846174B04A99847164C05A8A04701A8B9
:102C2000A047C4E74846D04709F11C0958B11C2306
:102C30002A46394603FB0464E06903689B6808B0D0
:102C4000BDE8F04718470134D4E700BF000000009A
:102C5000A9030000000000000000000000000000C8
:102C60000000000000000000000000000000000064
:102C70000000000000000000000000002DE9F0410D
:102C80001E46037D0446884617461BB1D0E9013530
:102C90009D4204D1002363750020BDE8F081ED1A48
:102CA0000369B3EBA50FF5D2184B9847C8F800009D
:102CB000637D002BF0D0237D002BEBD0D4E90131D4
:102CC0008B42E7D0C91A2369B3EBA10FE2D2104BB4
:102CD000204698473860637D002BDDD0237D002B94
:102CE000D8D0D4E901329342D4D0D21A2369B3EBBD
:102CF000A20FCFD2074B204698473060637D002B50
:102D0000CAD02046044B9847C7E700BF0000000028
:102D10000000000000000000000000002DE9F0436A
:102D2000D0F8146404460F4690461D468BB096B109
:102D30004A4B04A898474A4B04A89847D4F8103443
:102D4000211D19443246474B04A8984738B900263C
:102D5000454B05A8984730460BB0BDE8F0834FF0CF
:102D60000009424E03AB02AA01A904A8CDF80490C1
:102D7000B04706460028EAD0039BBB42E7D1029B3E
:102D80003B4F012B1BD02846FC233A4940F8043B1B
:102D9000394B98472046D4F81024D4F81414B84777
:102DA000D4F810342BB94FF0FF32C4F80C34C4F807
:102DB0000824D4F81C340133C4F81C34C8E7019B40
:102DC000042B05D02846FC232C4940F8043BDFE7C0
:102DD0002B4B04A88DF800909847C02831D19DF85E
:102DE00024301BB1DDE905239A4208D100238DF878
:102DF00025302846FC23234940F8043BC8E79B1AAA
:102E0000089AB2EBA30FF1D21F4B04A898479DF884
:102E100025308DF80000002BEBD041461B4B04A859
:102E200098470028E5D0D4F810242AB94FF0FF3392
:102E3000C4F80C24C4F808342046D4F81414B84755
:102E400086E76A462946124B04A898470028EAD12B
:102E50002846FC230F4940F8043B99E70000000096
:102E60000000000000000000000000000000000062
:102E70000000000071010000000000008A01000055
:102E800000000000A701000000000000000000009A
:102E900000000000C80100002DE9F043D0F81464E0
:102EA00004460F4690461D468BB096B14A4B04A887
:102EB00098474A4B04A89847D4F81034211D194468
:102EC0003246474B04A8984738B90026454B05A819
:102ED000984730460BB0BDE8F0834FF00009424EF2
:102EE00003AB02AA01A904A8CDF80490B047064696
:102EF0000028EAD0039BBB42E7D1029B3B4F012B4A
:102F00001BD02846FC233A4940F8043B394B9847EC
:102F10002046D4F81024D4F81414B847D4F8103448
:102F20002BB94FF0FF32C4F80C34C4F80824D4F89D
:102F30001C340133C4F81C34C8E7019B042B05D0B2
:102F40002846FC232C4940F8043BDFE72B4B04A820
:102F50008DF800909847C02831D19DF824301BB1DE
:102F6000DDE905239A4208D100238DF82530284653
:102F7000FC23234940F8043BC8E79B1A089AB2EBAC
:102F8000A30FF1D21F4B04A898479DF825308DF868
:102F90000000002BEBD041461B4B04A898470028AB
:102FA000E5D0D4F810242AB94FF0FF33C4F80C242C
:102FB000C4F808342046D4F81414B84786E76A46A3
:102FC0002946124B04A898470028EAD12846FC233A
:102FD0000F4940F8043B99E70000000000000000A2
:102FE00000000000000000000000000000000000E1
:102FF00071010000000000008A01000000000000D4
:10300000A701000000000000000000000000000018
:10301000C80100002DE9F043D0F8146404460F46BF
:1030200090461D468BB096B14A4B04A898474A4B30
:1030300004A89847D4F81034211D19443246474B50
:1030400004A8984738B90026454B05A8984730464C
:103050000BB0BDE8F0834FF00009424E03AB02AA6B
:1030600001A904A8CDF80490B04706460028EAD08C
:10307000039BBB42E7D1029B3B4F012B1BD0284651
:10308000FC233A4940F8043B394B98472046D4F892
:103090001024D4F81414B847D4F810342BB94FF0D6
:1030A000FF32C4F80C34C4F80824D4F81C340133BB
:1030B000C4F81C34C8E7019B042B05D02846FC2328
:1030C0002C4940F8043BDFE72B4B04A88DF8009017
:1030D0009847C02831D19DF824301BB1DDE9052384
:1030E0009A4208D100238DF825302846FC23234935
:1030F00040F8043BC8E79B1A089AB2EBA30FF1D241
:103100001F4B04A898479DF825308DF80000002B30
:10311000EBD041461B4B04A898470028E5D0D4F8D3
:1031200010242AB94FF0FF33C4F80C24C4F8083433
:103130002046D4F81414B84786E76A462946124B4D
:1031400004A898470028EAD12846FC230F4940F8F4
:10315000043B99E7000000000000000000000000B0
:1031600000000000000000000000000071010000ED
:10317000000000008A01000000000000A70100001C
:10318000000000000000000000000000C801000076
:103190000022C0E900228260704700002DE9FF4153
:1031A0000646174B1420984700250446DFF8688030
:1031B0006846CDE900550295C0476946114B042089
:1031C00003959847066026460F4B104F0393104B0C
:1031D000029746F8043B30466560C6E90155C04792
:1031E0000222694630462561B847039B6846236141
:1031F000029BE360074B9847204604B0BDE8F0818E
:1032000000000000000000000000000000000000BE
:103210000800000000000000000000002DE9FF4150
:103220000646174B1420984700250446DFF86880AF
:103230006846CDE900550295C0476946114B042008
:1032400003959847066026460F4B104F0393104B8B
:10325000029746F8043B30466560C6E90155C04711
:103260000222694630462561B847039B68462361C0
:10327000029BE360074B9847204604B0BDE8F0810D
:10328000000000000000000000000000000000003E
:103290000800000000000000000000002DE9FF41D0
:1032A0000646174B1420984700250446DFF868802F
:1032B0006846CDE900550295C0476946114B042088
:1032C00003959847066026460F4B104F0393104B0B
:1032D000029746F8043B30466560C6E90155C04791
:1032E0000222694630462561B847039B6846236140
:1032F000029BE360074B9847204604B0BDE8F0818D
:1033000000000000000000000000000000000000BD
:1033100008000000000000000000000038B50C1A92
:10332000134605D0014622461846024DA8470346DB
:10333000181938BD0000000038B50C1A134605D026
:10334000014622461846024DA8470346181938BDC3
:10335000000000002DE9F74F9846002308F1010A0C
:103360009A45044689461746C0E90033836002DA6D
:103370002F48304B984713D02F4B5046984726681C
:1033800005460246616830462C4B984726B1A16835
:1033900030462B4B891B9847C4E900555544A5601E
:1033A0002046284B0DF1070107EB080B8DF807901D
:1033B0009847BB4516D0D4E901639B1B9845DFF8BD
:1033C00090A0DFF8909011D8324659463846D04741
:1033D00062683146424462603046C84732463946E8
:1033E0003846D047204603B0BDE8F08F4146164A24
:1033F000164B20469847104B804698473146024668
:1034000005462068C847594602463846D047616895
:1034100002463046C8470646206818B1A168084BE6
:10342000091A9847C4E900564544A560DAE700BF89
:103430008103000000000000000000000000000008
:1034400000000000000000009103000000000000E8
:1034500000000000000000002DE9F8430D69D1E9EB
:1034600001239B1AB5EBA30F06460C4605D3002398
:103470004B75C6E90033B36026E0012308464B755F
:103480004C4B9847C7386F1C112800F28F80DFE83B
:1034900000F05A6F7E8D8D8D8D8D8D8D8D8D8D096A
:1034A0001E2D3C4B01222946434B204698470222C1
:1034B000424B804629462046276198470123024611
:1034C000414630463E4CA0473046BDE8F8830122D5
:1034D0002946394B204698470222384B80462946D8
:1034E00020462761984702230246E9E70122294640
:1034F000314B204698470222304B804629462046D1
:103500002761984704230246DAE7012229462A4B1D
:10351000204698470222294B8046294620462761AB
:10352000984708230246CBE701222946224B204632
:1035300098470222214B804629462046276198471A
:1035400010230246BCE7012229461E4B204698471D
:103550000222814629462046174B9847032280467F
:103560002761164B2946204698474B460246A7E757
:1035700001222946144B20469847032281462946BA
:1035800020460D4B9847042280462761E9E7012237
:1035900029460E4B2046984705228146294620465B
:1035A000054B9847062280462761DAE7002327610A
:1035B00063755EE7000000000000000000000000EE
:1035C00000000000000000000000000000000000FB
:1035D0002DE9F043804B85B004469847C028064645
:1035E00004D120467D497E4B984731E0C22803D163
:1035F00020467C497C4BF7E720467C4B984720B916
:1036000020467B4B9847054618B1204679497A4BAE
:10361000EAE7CA2E1ED1237D1BB1D4E901239A42C9
:1036200005D100236375284605B0BDE8F0839B1AD9
:103630002269B2EBA30FF4D2704B20469847704B2F
:1036400083ED000A637D002BEDD020466D4B98473B
:103650000546E8E7CB2E12D1237D002BE1D0D4E93B
:1036600001239A42DDD09B1A2269B2EBA30FD8D274
:10367000654B20469847654B83ED000BE2E7A02E93
:1036800021D006F12703DBB2022B1CD906F13C0343
:10369000DBB2022B28D920465D4B9847074600280D
:1036A00053D0002520465B4B019501A998472E4633
:1036B000DFF8C881DFF8C891019BC8F800509E422E
:1036C00038D33D46AFE7544D2B68DA0708D4534B47
:1036D000534954489847012353482B60534B98470C
:1036E00020465049524B7FE752490B68DB0709D40B
:1036F0000022514B5148C3E900229A6001230B601C
:103700004A4B9847237D002B8BD0D4E901239A4262
:1037100087D09B1A2269B2EBA30F82D2214601A85F
:10372000474B9847444801A9464B9847464B01A848
:10373000984787E72046C847054600283FF473AFFF
:10374000D8F8003001365D1CB6E720463F4B98475D
:1037500018B120463E493F4B46E706F12C03DBB249
:10376000042B15D93936F6B2022E11D920463A4B20
:10377000984748B92046394B984728B92046384BD6
:10378000984700283FF44FAF20463649364B2BE789
:1037900036490B6813F0010308D1354A3548C2E9B0
:1037A0000033936001230B60204B9847237D002B4F
:1037B0003FF437AFD4E901239A423FF432AF9B1A6A
:1037C0002269B2EBA30FBFF42CAF214601A82A4B0C
:1037D0009847274801A9A7E7000000000000000063
:1037E00000000000000000000000000000000000D9
:1037F00000000000000000000000000000000000C9
:1038000000000000000000000000000000000000B8
:1038100000000000000000000000000000000000A8
:10382000A9030000000000000000000000000000EC
:103830000000000000000000000000000000000088
:103840000000000000000000000000000000000078
:103850000000000000000000000000000000000068
:103860000000000000000000000000000000000058
:103870000000000000000000000000000000000048
:10388000000000002DE9F04FD0F80C340446032B63
:1038900089B05AD9D0F81434002B6BD1D0F8106409
:1038A0003A4B02A898474FF0FF38002504F104096D
:1038B000DFF8FCA0B144D4F8042473199A4256D915
:1038C00002A80135D0472A464946314B02A89847FD
:1038D0000028F0D02F4B02A898470028EBD00023F7
:1038E0006946009302A82C4B9847009FD7B12B4BF9
:1038F00002A8984718B92A4B02A8984738B3294B11
:1039000001A902A89847012FDDF804800AD00127F9
:10391000DFF8A0B002A8D8470028CCD0009B013720
:103920009F42F7D3B8F1020F17D814D0042F14D147
:103930001EB9C4F80884C4F80C54B8F1010F21D1A1
:10394000C4F81064C4F8145411E00026A8E7074630
:103950006FF00108DCE7032F0FD0134B32462946E6
:1039600020469847D4F81C340133C4F81C340F4B5C
:1039700003A8984709B0BDE8F08F1EB9C4F80884C1
:10398000C4F80C543544C4F81054F0E700000000AB
:103990000000000000000000000000000000000027
:1039A0000000000000000000000000000000000017
:1039B000000000000000000038B5044600680368FD
:1039C0005B69984790B1D4F80434B3F5806F0DD09B
:1039D000214651F8040B02681944D568C3F580628A
:1039E000A847D4F804340344C4F804342046014BF7
:1039F000984738BD000000002DE9F043064685B029
:103A00000068274B90460D4698473168254B01A822
:103A100098472549254B01A89847044630B9DFF857
:103A20009890371DD6F8F43A9C4207D30024204BD7
:103A300001A89847204605B0BDE8F083384601A9A3
:103A4000C84710B901341C37ECE7414607F10C00B8
:103A5000C8470028F6D03068D0F8083433F00203A5
:103A60001CD1D0F80C140A1FFC2A17D82B46C21CF4
:103A70004C1912F8016F03F8016BA342F9D14FF012
:103A8000FF330022C0F80834C0F80C24094B9847D3
:103A9000041E18BF0124C5F80001C8E70020F7E79D
:103AA0000000000000000000A9030000000000006A
:103AB0000000000000000000000000002DE9F041BF
:103AC00000F110060446D4B0642200233046DFF82B
:103AD0009880C047C8B9194B04A898476568184929
:103AE000184B01A898472846174B01AA04A99847E4
:103AF0000746164B01A89847154D304647B9A847C9
:103B0000144B9847144B04A8984754B0BDE8F08173
:103B1000A8476068114B04A99847114F04F1240687
:103B2000642200233046C04730B960680D4B04A9B9
:103B300098473046A847E5E7B847F1E7000000009E
:103B4000EC01000000000000000000000000000088
:103B50000000000000000000000000000000000065
:103B600000000000000000000000000008B5054B48
:103B700098470548054B984710B10348044B9847B0
:103B800008BD00BF000000000000000000000000B1
:103B9000000000002DE9F04100F110060446D4B009
:103BA000642200233046DFF89880C047C8B9194B1B
:103BB00004A8984765681849184B01A898472846F3
:103BC000174B01AA04A998470746164B01A8984726
:103BD000154D304647B9A847144B9847144B04A8D5
:103BE000984754B0BDE8F081A8476068114B04A91C
:103BF0009847114F04F12406642200233046C04741
:103C000030B960680D4B04A998473046A847E5E7EE
:103C1000B847F1E700000000A90300000000000021
:103C20000000000000000000000000000000000094
:103C30000000000000000000000000000000000084
:103C40000000000008B5054C054D064E2046A8476B
:103C500008B12046B047044B9847F7E70000000042
:103C600000000000000000000000000010B50A4C39
:103C70000A480B4B984720460A4B984730B1D4ED81
:103C80000A7AFDEEE77A084BC3ED007ABDE81040F2
:103C9000C8200021054B184700000000000000006C
:103CA0000000000000000000000000000000000014
:103CB000F8B50E46044617461D460068094B98475E
:103CC00031462B46084E3A462068B047064638B182
:103CD000294651F8043B44F8043F201D034B984704
:103CE0003046F8BD000000000000000000000000A9
:103CF0002DE9F04F012204460F4689B000F114036C
:103D0000D3E8EF1F002903D1C3E8E52F002DF7D139
:103D10002ED1DFF8C480274D64220023E06AC0471B
:103D200000282AD1636A04F11002186804F118010E
:103D3000214B9847214DE06AA847DFF87890DFF8DB
:103D40009CA0DFF89CB064220023A06AC047B0B9F1
:103D500004A8D0473A462169606A04ABD847184E98
:103D600078B9A06AA847174B984705A8B047EAE773
:103D7000154B09B0BDE8F04F1847A847CCE7C84736
:103D8000E1E7A06AA847049D05A9104B01A8984740
:103D9000294601AA0E4B2046984701A8B04705A81E
:103DA000B04720460B4B984780F00100C0B209B0E5
:103DB000BDE8F08F000000000000000000000000DF
:103DC00000000000000000000000000000000000F3
:103DD00000000000000000000000000000000000E3
:103DE000000000002DE9F04F012204460F4689B083
:103DF00000F11403D3E8EF1F002903D1C3E8E02F3B
:103E00000028F7D10CBF1546002541D1DFF8E0802E
:103E10002D4D64220023E06AC047002848D1606A23
:103E2000636C0068294D04F1100204F11801A847E1
:103E3000E06A274DA847DFF89090DFF8B8A0DFF8D8
:103E4000B8B064220023A06AC047002839D104A872
:103E5000D0473A462169606A04ABD8471D4E002816
:103E600028D0A06AA847049D1B4B05A901A8984724
:103E700029461A4B01AA2046984701A8B04705A831
:103E8000B0472046164B984780F00100C0B20CE0C6
:103E90001449154B04A89847FF2120460F4B04AA4C
:103EA00098470C4B04A89847284609B0BDE8F08F06
:103EB000A847AEE7A06AA8470C4B984705A8B047AB
:103EC000BFE7C847BDE700BF0000000000000000DA
:103ED00000000000000000000000000000000000E2
:103EE000000000004203000000000000000000008D
:103EF000000000000000000000000000F8B50E46C1
:103F0000044617461D460068094B984731462B4624
:103F1000084E3A462068B047064638B1294651F85F
:103F2000043B44F8043F201D034B98473046F8BD3E
:103F300000000000000000000000000000232DE948
:103F4000F0470122044688B08DF8003000F11403D8
:103F5000D3E8EF1F002903D1C3E8E02F0028F7D1F1
:103F60003CD12F4F2F4D64220023E06AB847002830
:103F70004AD1606A636C00682B4D04F1100204F1B1
:103F80001801A847E06A294DA847DFF89880DFF8B4
:103F9000BC90DFF8BCA064220023A06AB8470028C8
:103FA0003BD104A8C8476A462169606A04ABD04780
:103FB0001F4E00282AD0A06AA847049D1D4B05A9C2
:103FC00001A898471C4B294601AA2046984701A8FA
:103FD000B04705A8B0472046184B0AE01849194BCE
:103FE00004A898472046144BFF2104AA9847104B79
:103FF00004A898470E4D04F11800A847201DA847B3
:10400000204608B0BDE8F087A847ACE7A06AA847FB
:104010000D4B984705A8B047BDE7C047BBE700BFB9
:104020000000000000000000000000000000000090
:104030000000000000000000000000000000000080
:10404000420300000000000000000000000000002B
:10405000000000002DE9F04304460E4600F1380848
:10406000A9B04FF0FF333049174640464FF0FF32BA
:104070008847DFF8E4902D4906A8C84704F12403D7
:104080000093019622682A4D04F1100306A916A890
:10409000A847284B0DF10B0116A89847264D00287C
:1040A00037D09DF80B30002B33D0244903A8646827
:1040B000C847314609A8224EB04703A90CA8B0470B
:1040C000D4F8F43A632B1ED81E4B09A9201D98473B
:1040D000C8B909A90FA8B0470CA912A8B0471A4B34
:1040E000384698471590D4F8F40A184B421CC4F887
:1040F000F42A1C2202FB00400FA90430984712A8A2
:10410000A8470FA8A8470CA8A84709A8A84703A82C
:10411000A8470F4B16A8984706A8A84740460D4B3E
:1041200029B0BDE8F0431847000000003A02000043
:10413000000000000000000000000000A9030000D3
:10414000000000000000000000000000000000006F
:1041500000000000000000000000000000232DE926
:10416000F0470122044688B08DF8003000F11403B6
:10417000D3E8EF1F002903D1C3E8E52F002DF7D1C5
:104180003BD1294F294D64220023E06AB84700281B
:104190003FD1636A04F11002186804F11801244B3E
:1041A0009847244DE06AA847DFF88080DFF8A090A8
:1041B000DFF8A0A064220023A06AB847002831D10C
:1041C00004A8C8476A462169606A04ABD0471A4E02
:1041D00008B3A06AA847049D05A9184B01A89847F1
:1041E0002946174B01AA2046984701A8B04705A8C1
:1041F000B0472046134B984701E0134B98470E4DAC
:1042000004F11800A847201DA847204608B0BDE8C3
:10421000F087A847B7E7A06AA8470C4B984705A8BE
:10422000B047C7E7C047C5E7000000000000000036
:10423000000000000000000000000000000000007E
:10424000000000000000000000000000000000006E
:1042500000000000000000002DE9F04F044600F1CE
:104260001008A1B05B4E404604F124090D4604F14C
:104270003807B0474846B0473846B0472046564B07
:104280009847002840F0A0804FF0FF324FF0FF33F6
:10429000524938468847A06829460368504DDB6973
:1042A0009847A06803689B6A9847002800F08F80B1
:1042B000A0684C49036825225B6898474A4E08204D
:1042C000B0474A4AA368E060C0E900231420B04721
:1042D0000546DFF858A1E068D0472B4643F8040BA9
:1042E0001846434B9847256040F6F820B0470646ED
:1042F000E068D047354645F8040B3E4B40F6F422C3
:1043000000212846DFF828B1DFF828A1984706F6F3
:10431000F423594628460993D04705F10C00594625
:10432000D047099B1C359D42F3D100256660C6F835
:10433000F45A314B29464FF4FA70984701462065EC
:1043400000220023CDE9062305234FF4FA72CDE9BC
:104350000253CDE90055294B294E049504F158002C
:10436000B047E064274B2849984728490BA88DF8A7
:104370002B50D047CDF8009043460BA92268244D1E
:104380000EA8A847234B0DF12B010EA8984708B1A2
:104390009DF82B00204B84F860010EA898471F4D14
:1043A0000BA8A8471E490EA8D0474FF480730BAA4C
:1043B0000EA920460B931B4B98470EA8A8473846DA
:1043C000194B98479DF82B0021B0BDE8F08FA84706
:1043D00067E700BF000000000000000000000000D0
:1043E00000000000F50100000000000008000000CF
:1043F00000000000000000000000000000000000BD
:1044000000000000000000001B020000220200006B
:10441000000000000000000000000000000000009C
:104420002A02000000000000000000000000000060
:10443000A9030000000000002DE9F04F012204460E
:104440008A4689B000F11403D3E8EF1F002903D195
:10445000C3E8E52F002DF7D132D1DFF8E8802D4DEC
:1044600064220023E06AC04700282ED1636A04F169
:104470001002186804F11801274B9847274EE06A8C
:10448000B047DFF89090DFF8C0B064220023A06A44
:10449000C047E0B9224B04A89847656A2769286895
:1044A000D847394652461F4F286804ABB8471E4FBD
:1044B00078B9A06AB0471D4B984705A8B847E4E70C
:1044C0001B4B09B0BDE8F04F1847A847C8E7C847DD
:1044D000DBE7049B05A945F8043F281D154B9847C9
:1044E000A06AB047049D05A9134B01A89847294627
:1044F00001AA124B2046984701A8B84705A8B8471B
:1045000020460F4B984780F00100C0B209B0BDE8CB
:10451000F08F00BF0000000000000000000000005D
:10452000000000000000000000000000000000008B
:10453000000000000000000000000000000000007B
:104540000000000000000000000000002DE9F8431A
:104550001A4B04460F469847064618B900263046BF
:10456000BDE8F883237D1BB1D4E901239A4215D11C
:104570000025657500239846DFF84C90A8453B6000
:10458000EDD02046C8470028E8D02046C84700287C
:10459000E4D03B6808F101080133EFE79B1A226978
:1045A000B2EBA30FE4D2064B20469847637D054645
:1045B000002BDFD02046034B9847DBE700000000CC
:1045C00000000000000000000000000038B50E4BA5
:1045D00004460D469847E0280CD000F13003DBB2CA
:1045E000022B07D9D3280BD020B100F13403DBB262
:1045F000022B05D829462046044B9847002038BD99
:104600004FF0FF30FBE700BF00000000000000009B
:104610002DE9F041364B06468CB008460F4614464D
:1046200098470546B8B93349334B05A89847FD2349
:1046300005A9089309A8314B9847314D05A8A8470B
:104640002046304B08A9984709A8A84700252846C6
:104650000CB0BDE8F0814FF000082B4B384601A9A3
:10466000CDF804809847019B0BB92849DCE7012B62
:1046700001D02749D8E73846264BCDF8148005A944
:104680009847013006D0059B0893F368002B25D18D
:10469000214B98472149184B02A898470A224146C6
:1046A0001F4B08A898471F4B08A902A89847144D0C
:1046B00008A8A8471C4B02A905A89847FD2305A9EF
:1046C000089309A80D4B984705A8A84720460D4B0D
:1046D00008A9984709A8A84702A8B6E7336908A916
:1046E000301D9847114E2046B0472046B047AEE7F0
:1046F000000000009C02000000000000000000001C
:10470000000000000000000000000000D0020000D7
:10471000BC02000000000000000000001F030000B9
:104720000000000000000000000000000000000089
:104730002DE9F0433D4B80468DB008460D461446AA
:1047400098470646B8B93A493A4B05A89847FD2319
:1047500005A9089309A8384B9847384D05A8A847DC
:104760002046374B08A9984709A8A8470026304695
:104770000DB0BDE8F0830027324B284601A9019710
:104780009847019B012B01D82F49DDE7022B01D06F
:104790002E49D9E7CDE908772846DFF8CC9009A95A
:1047A000C847431C07461CD0284608A9C847013003
:1047B00015D0099B0293089B0593D8F80C300BB9D0
:1047C000234B9847D8F8103005AA02A908F1040035
:1047D0009847204D2046A8472046A847C7E76FF0D6
:1047E00001071D49134B02A898470A22F9431B4BA6
:1047F00008A898471A4B08A902A898470F4D08A87F
:10480000A847184B02A905A89847FD2305A90893B6
:1048100009A8094B984705A8A8472046084B08A9AE
:10482000984709A8A84702A89FE700BF000000001A
:104830009C020000000000000000000000000000DA
:104840000000000000000000D0020000BC020000D8
:1048500000000000000000001F0300000000000036
:10486000000000000000000000000000F8B5264A2B
:1048700013680133012B136007D1244B244A1A60BB
:104880000022C3E907221A765A620024FF25214B31
:10489000214A224E9A60224A29461A60214A224819
:1048A0009A622246C3E904441D71DC60DC62B047B1
:1048B000224629461D48B047224629461C48B04793
:1048C000224629461B48B0471B4B1C4A1D71C3E9B1
:1048D00002241B4A1A603C221A741A4A13680133D4
:1048E000012B13600ED10326174D184FC5E9004464
:1048F00005F108004FF484620021B847013E05F538
:104900008565F3D1F8BD00BF000000000000000085
:104910000000000000000000300000000000000067
:10492000080000000000C07F000000000000000040
:10493000000000000000000000000000390000003E
:10494000080000000000000000000000000000005F
:1049500008B5064A1368013B1360054A1368013B1A
:10496000136013B90348044B984708BD00000000CA
:10497000000000001C000000000000002DE9F04FC6
:104980009448ADB0944B954C9847DFF8D4824FF0E3
:10499000FF324FF0FF338F48C04794F83452904FA6
:1049A00004F50870B847BDB94FF0FF334FF0FF3240
:1049B00004F50870C04720698A4B9847002840F0EA
:1049C00055814FF4E1312069874B9847002840F02A
:1049D0004D8104F50870B847844C8548854B2060AC
:1049E00098472068844E036884499B6A9847844BA3
:1049F00098470DF110097C4B4FF4E1313046984750
:104A0000804D81494846A8474FF0FF324FF0FF33B1
:104A100006F13800C0477D4907A8A84706F12403DE
:104A200000933346CDF8049053F8102B784C07A927
:104A30001AA8A047774B0DF10F011AA89847764C9A
:104A4000002838D09DF80F30002B34D073490AA8C5
:104A50007668A84749460DA8DFF80892C8470AA912
:104A600010A8C847D6F8F43A632B1ED86C4B0DA992
:104A7000301D9847C8B90DA913A8C84710A916A892
:104A8000C847684B684898471990D6F8F40A674BAE
:104A9000421CC6F8F42A1C2202FB006013A9043051
:104AA000984716A8A04713A8A04710A8A0470DA88C
:104AB000A0470AA8A0475E4EDFF8ACA11AA8D047CD
:104AC00007A8A0470DF110093046B8474846A0474F
:104AD00058494846A8474FF0FF324FF0FF33304661
:104AE000C0474A4907A8A847A6F114030093CDF888
:104AF000049056F8382CA6F1280307A9A6F1380827
:104B00001AA8434EB047434B0DF10F011AA898471E
:104B1000414E00283AD09DF80F30002B36D03F4947
:104B20000AA8D8F80480DFF83CB1A84749460DA888
:104B3000D8470AA910A8D847D8F8F43A632B1FD849
:104B4000374B0DA908F104009847C8B90DA913A85F
:104B5000D84710A916A8D847374B38489847199016
:104B6000D8F8F40A314B421CC8F8F42A1C2202FB84
:104B7000008013A90430984716A8A04713A8A0479F
:104B800010A8B0470DA8B0470AA8B0471AA8D04748
:104B900007A8B0472648B8474846B04728491AA84A
:104BA000A847284C284A1AA91348A0471AA8B04772
:104BB00026491AA8A847264A1AA90F48A0471AA8A2
:104BC000B047244B9847244B9847244B2DB0BDE861
:104BD000F04F184720020000000000000000000015
:104BE00000000000000000000000000000000000C5
:104BF000000000000000000000000000A08601008E
:104C00000000000000000000F70300003A0200006E
:104C1000000000000000000000000000A9030000E8
:104C20000000000000000000000000000000000084
:104C30003800000002040000000000000000000036
:104C40000C04000000000000000000001904000037
:104C50000000000000000000000000000000000054
:104C60000000000000000000000000000023256993
:104C700022498DF8343013A8214B984705F12403BD
:104C800000932A6805F1100313A91E4D1AA8A8471E
:104C90001D4B0DA91AA8984708B19DF83400DFF8FC
:104CA000809084F834021AA8C847184E13A8B04759
:104CB000DFF84CA0164910A8D0472569154913A85C
:104CC000D04705F1240300932A6805F1100313A9C6
:104CD0000C4D1AA8A847104B10A91AA898470546CA
:104CE0001AA8C84713A8B04785F001050B4884F8F7
:104CF0003552B84710A8B0476EE600BFDF0300008A
:104D000000000000000000000000000000000000A3
:104D1000A9030000ED0300000000000020020000D5
:104D200000000000002070470368C9B21B681847E4
:104D3000D0F8480243691847036801211B6B1847E4
:104D400010B403689C6B0123A4465DF8044B6047D4
:104D5000B0F83A31B0F83E21981A80B270477047E7
:104D6000C0F850127047C0F84C12704707B5054B99
:104D70008DF8071001220DF107012030984703B08C
:104D80005DF804FB00000000014B2030184700BF15
:104D90000000000007B5084B01220DF1070100F5E6
:104DA0009A70984720B19DF8070003B05DF804FBA6
:104DB0004FF0FF30F9E700BF0000000008B5FF2307
:104DC00001220B701030024B9847002008BD00BF35
:104DD0000000000007B5084B01220DF1070100F5A6
:104DE0009A70984720B19DF8070003B05DF804FB66
:104DF0004FF0FF30F9E700BF0000000070B5C38A34
:104E0000044663B1D0F8480204F1100583681B69B9
:104E10000BB129469847002323616B60AB60D4F83F
:104E20004802836913B1BDE87040184770BD0000A7
:104E30000346064AC1828261D0F8480203F110019C
:104E40008368DB6803B11847704700BF00000000AB
:104E50000B4B99420FD00B4B99420ED00A4B994203
:104E600014BF01210321D0F84802836849001B6860
:104E700041F0100118470121F5E70221F3E700BFD7
:104E8000A0860100801A060040420F002DE9FF4174
:104E90000446002300F59A77009300F59C78B4F857
:104EA0004031B0F838010E46C01AD4F8441180B22F
:104EB0000B1A934228BF1346144D6A4641463846A2
:104EC000A847054648B900252A4641463846104BB2
:104ED0009847284604B0BDE8F081009B002BF2D033
:104EE000CDE901350323D4F848028DF80C309DF844
:104EF0000C30826843F002038DF80C30946833461E
:104F0000012201A9A0470028DDD1DDE70000000053
:104F1000000000000023F0B585B0428D0093C38CE3
:104F200000F12A079B1A026B9BB2934200F1200604
:104F3000044628BF134639466A463046104DA847F6
:104F40000546009AD4F84802CDE901250222A38B38
:104F50008DF80C209DF80C20816842F002028DF83B
:104F60000C208C68012201A9A04704462A46394634
:104F70003046044B9847201E18BF012005B0F0BDF5
:104F8000000000000000000003460020C3E94A00C2
:104F9000C3F8300170470023C161C0E90933C0E99B
:104FA0004E33C362C0F8403170470000002230B574
:104FB0004FF47A74C0E9012404460E4D44F8105BA6
:104FC0000261C4E90122C0E9921200F13401C0E992
:104FD00008124FF4807100F5A474C0E90A22C0E9F8
:104FE0004D42C0E94F22C0F850220163C0F844117D
:104FF00030BD00BF0800000013B5D0F850320446A1
:105000008DF807205BB1B4F83E21B0F83A01801A60
:1050100080B2D4F84421411C914200D99847012222
:10502000054B0DF1070104F59A709847B0FA80F02E
:105030004009404202B010BD000000000A46024B89
:1050400001461038184700BF0000000038B514466C
:105050000022D0F84C32C0E9092200F12005C262DA
:1050600003B19847FF230122237021462846024BB3
:105070009847002038BD00BF000000000A46024BE0
:1050800001461038184700BF0000000008B5D0F8EE
:1050900050223AB1B0F83A31B0F83E11581A80B205
:1050A00000B19047002008BD0146014B1038184759
:1050B00000000000F8B5174A13680133012B136094
:1050C00007D1154B154A1A600022C3E907221A7648
:1050D0005A62134B13491448984714491448984787
:1050E000144915489847154A13680133012B13607A
:1050F0000FD103250026124C124FC4E9006604F1BB
:1051000008004FF484620021B847013D04F585642E
:10511000F3D1F8BD00000000000000000000000016
:10512000000000000000000000000000000000007F
:10513000000000000000000000000000000000006F
:10514000000000000000000008B5064A1368013B9B
:105150001360054A1368013B136013B90348044BFD
:10516000984708BD00000000000000001C0000007F
:105170000000000070477047406843691847406866
:10518000836903B1184770477047000010B50446A3
:105190004FF4A671014B9847204610BD0000000057
:1051A000F7B502AB03E906009DF8063041F20104B1
:1051B000012B9DF8053005460E4618BF4FF480546C
:1051C0000BB944F010049DF80430022B1ED0032BC1
:1051D0001FD0012B01D144F004040E220E4FA81859
:1051E0000021A4B2B84744F48073AB810B4B0E226C
:1051F0009E4238BF1E460021AE6005F12200B8472E
:1052000044F400742C84EE6103B0F0BD44F0020459
:10521000E3E744F00604E0E70000000040420F002E
:1052200001464068836808319B68184710B50C46F2
:105230001946012388B00393079304ABCDE90042DC
:10524000CDE904424068CDF808D00693836802AAED
:105250001C6806ABA04708B010BD000013B50122C2
:105260008DF80710064C00F108030DF10701A04767
:105270000028B4BF00209DF8070002B010BD00BF99
:105280000000000013B50222ADF80610064C00F134
:105290001C030DF10601A0470028B4BF0020BDF893
:1052A000060002B010BD00BF0000000010B4034CA7
:1052B00000F10803A4465DF8044B604700000000BD
:1052C000F8B5194A13680133012B136007D1174B46
:1052D000174A1A600022C3E907221A765A6200258B
:1052E000144B154A15491A605960C3F84851144BBC
:1052F0001A60144AC3F848515A60134A13680133BC
:10530000012B13600ED10326104C114FC4E9005538
:1053100004F108004FF484620021B847013E04F50F
:105320008564F3D1F8BD00BF00000000000000005C
:105330000000000000000000080000000000000065
:10534000000000000000000000000000000000005D
:105350000000000008B5064A1368013B1360054AC7
:105360001368013B136013B90348044B984708BD09
:1053700000000000000000001C0000000000000011
:10538000704707B503688DF8071001225B680DF1BF
:105390000701984703B05DF804FB0000004B184775
:1053A00000000000004908470000000038B50C1A52
:1053B000002C134605DD014622461846024DA8473B
:1053C0000346181938BD00BF00000000002810B5C2
:1053D00006D001DA034B9847034BBDE8104018474D
:1053E00010BD00BF0000000000000000004B184787
:1053F0000000000010B500F130044FF0FF332046EC
:105400004FF0FF32034988472046BDE81040024B69
:10541000184700BF000000000000000070B50446FF
:1054200000F508764FF0FF324FF0FF333046134956
:105430008847D4F81C32124A23B9304690474FF0BF
:10544000FF3070BDD4F81C32ABB1D4F8183223440D
:105450001D7DD4F818320133C3F30803C4F81832A1
:10546000D4F81C32013BC4F81C323046D4F81C324C
:105470009047E8B2E5E74FF0FF35F6E7000000009F
:105480000000000038B5044600F508754FF0FF3302
:105490004FF0FF3228460A498847D4F81C325BB1E6
:1054A000D4F81C3243B1D4F818321C44247D284669
:1054B000044B9847204638BD4FF0FF34F7E700BF54
:1054C00000000000000000000A200021004B1847E7
:1054D0000000000030B5836885B003930023D0E955
:1054E00000420D68CDE9014205604D6845608D6858
:1054F0008560C1E900338B6001A8024B984705B075
:1055000030BD00BF000000002DE9F047D0E9017375
:105510009F4204468846DFF878A00AD03946012029
:10552000D04798F800300370636801336360BDE8CA
:10553000F087134A0121134B9847134B2668814685
:105540009847B91B014405460120D04798F8003020
:10555000394603702A46DFF83C803046C04739465A
:10556000421C3846C047074626B1A1683046074B63
:10557000891B9847C4E900574D44A560D7E700BF91
:10558000C503000000000000000000000000000053
:1055900000000000000000002DE9F047D0E9017391
:1055A0009F4204468846DFF878A00AD03946012099
:1055B000D04798F800300370636801336360BDE83A
:1055C000F087134A0121134B9847134B26688146F5
:1055D0009847B91B014405460120D04798F8003090
:1055E000394603702A46DFF83C803046C0473946CA
:1055F000421C3846C047074626B1A1683046074BD3
:10560000891B9847C4E900574D44A560D7E700BF00
:10561000C5030000000000000000000000000000C2
:1056200000000000000000002DE9F043037D054666
:105630000F4685B01BB1D0E90123934205D1002369
:105640006B75002005B0BDE8F08306699B1AB6EBC8
:10565000A30FF4D24FF001083A4B80F81580984719
:10566000C5284FF000042ED0C62848D0C42861D1E8
:10567000424631462846DFF8E480CDE901440394F0
:10568000C0470646DFF8D890E3B29E4229690FD89A
:105690000131296138462C4B01A998472B4B01A8B1
:1056A00098476B7D002BCCD02846294B9847C9E7FB
:1056B000A21C2846C0470DF103018DF8030001A884
:1056C000C8470134E0E7424631462846214BCDE940
:1056D0000144039498470646DFF88080DFF8809005
:1056E000A3B2B3422969D3D2E21C2846C0470DF1C8
:1056F00003018DF8030001A8C8470134F0E74246D2
:1057000031462846144BCDE9014403949847064698
:10571000DFF84880DFF84890A6422969B8D0621DBA
:105720002846C0470DF103018DF8030001A8C847C2
:105730000134F1E70136CDE901446C752E61039423
:10574000A8E700BF0000000000000000000000000B
:105750000000000000000000000000000000000049
:105760000000000007B5044B8DF807100DF107018C
:10577000984703B05DF804FB000000002DE9F047F6
:10578000D0E901739F4204468846DFF878A00AD02A
:1057900039460120D04798F8003003706368013320
:1057A0006360BDE8F087134A0121134B9847134B00
:1057B000266881469847B91B014405460120D04719
:1057C00098F80030394603702A46DFF83C803046AE
:1057D000C0473946421C3846C047074626B1A16833
:1057E0003046074B891B9847C4E900574D44A560D4
:1057F000D7E700BFC5030000000000000000000064
:105800000000000000000000000000007E2913B529
:1058100004460AD80D4B8DF807100DF10701984783
:10582000E3680133E36002B010BDFF2903D8084BE1
:10583000C9B29847F7E7B1F5803F03D2054B89B26B
:105840009847F0E7044B9847EDE700BF00000000E1
:1058500000000000000000000000000073B50C1EF6
:10586000054621DB7E2C08DC8DF8044001A9234B82
:105870009847EB680133EB6008E0E317B4F5807FED
:1058800073F1000204D21E4BE1B2984702B070BD22
:10589000B4F5803F73F1000303D21A4BA1B29847CD
:1058A000F4E7194B9847F1E714F11E0FDCDA14F115
:1058B000800F164B06DBD021984728468DF8044010
:1058C00001A9D4E714F5004F114E0BDBD121ADF83F
:1058D0000440984728460DF10501B047284601A924
:1058E000B047C6E70194D2219847032401AB1919A8
:1058F0002846B047013CF9D2BBE700BF00000000DA
:105900000000000000000000000000000000000097
:10591000000000002DE9FF4700258946984604460F
:10592000D0F8187404216846DFF874A01646CDE953
:105930000055CDE90255D04729466846134B984794
:10594000134B394668469847124D49466846A84762
:1059500001216846D04741466846A847DDE9001561
:105960006D1A2A4620460C4B984785420B4A04D0B4
:105970006846904704B0BDE8F087D4F8183468460C
:105980000133C4F8183490473760F3E70000000093
:105990000000000000000000000000000000000007
:1059A000000000002DE9FF4700258946984604467F
:1059B000D0F8187404216846DFF878A01646CDE9BF
:1059C0000055CDE90255D0472946154B6846984702
:1059D000144D39466846A847134B494668469847D0
:1059E00001216846D0476846D8F80010A847DDE98D
:1059F00000156D1A2A4620460C4B984785420C4AE2
:105A000004D06846904704B0BDE8F087D4F8183455
:105A100068460133C4F8183490473760F3E700BF95
:105A20000000000000000000000000000000000076
:105A3000000000000000000038B5037D04460D465C
:105A40001BB1D0E90123934203D1002363750020E9
:105A500038BD9B1A0269B2EBA30FF6D2044B9847EC
:105A60002860637D002BF2D02046024B9847EFE779
:105A700000000000000000002DE9F04304460D4640
:105A80001646DFF89490DFF8948085B000F1240783
:105A9000642200233846C847002831D12368CDE965
:105AA0000000CDE90200DFF8789068460321D3F8C2
:105AB0000080C847134B684602219847124C29467C
:105AC0006846A04768460121C84731466846A04756
:105AD000DDE90014641A0D4B224640469847844283
:105AE00008BFD8F81834684604BF0133C8F8183422
:105AF000074B98473846074B05B0BDE8F0431847B9
:105B0000C047C5E7000000000000000000000000E2
:105B10000000000000000000000000000000000085
:105B2000000000002DE9F041044600F130070E4668
:105B300015464FF0FF334FF0FF323846064988478D
:105B400020462946054B40F8046B98473846BDE887
:105B5000F041034B184700BF0000000000000000A8
:105B6000000000002DE9F043D0F8146404460F460D
:105B700090461D468BB096B14A4B04A898474A4BB5
:105B800004A89847D4F81034211D19443246474BD5
:105B900004A8984738B90026454B05A898473046D1
:105BA0000BB0BDE8F0834FF00009424E03AB02AAF0
:105BB00001A904A8CDF80490B04706460028EAD011
:105BC000039BBB42E7D1029B3B4F012B1BD02846D6
:105BD000FC233A4940F8043B394B98472046D4F817
:105BE0001024D4F81414B847D4F810342BB94FF05B
:105BF000FF32C4F80C34C4F80824D4F81C34013340
:105C0000C4F81C34C8E7019B042B05D02846FC23AC
:105C10002C4940F8043BDFE72B4B04A88DF800909B
:105C20009847C02831D19DF824301BB1DDE9052308
:105C30009A4208D100238DF825302846FC232349B9
:105C400040F8043BC8E79B1A089AB2EBA30FF1D2C5
:105C50001F4B04A898479DF825308DF80000002BB5
:105C6000EBD041461B4B04A898470028E5D0D4F858
:105C700010242AB94FF0FF33C4F80C24C4F80834B8
:105C80002046D4F81414B84786E76A462946124BD2
:105C900004A898470028EAD12846FC230F4940F879
:105CA000043B99E700000000000000000000000035
:105CB000000000000000000000000000F6000000EE
:105CC000000000000F010000000000002C01000097
:105CD0000000000000000000000000004D01000076
:105CE0002DE9F04FA3B003AF0C4690468146924990
:105CF0003846924EB047DFF888A204EB0805AC4264
:105D000075D14FF0000A99F83532D9F810508C4C03
:105D10008C49CDF808A0002B00F00181A94606A807
:105D2000B047DFF8608259F810BB10A8C04724358F
:105D300006A9CDE914AA844B16A898471422514607
:105D4000CDE919B9814B1B951CA898472197804B29
:105D50001CA898477F490CA8B0477F4DFF210CAA8B
:105D600010A8A8470CA8A047012315A9D1E8EF2F38
:105D7000524503D1C1E8E03F0028F7D13CD1DFF81C
:105D8000E891764D642200231B98C847002840F014
:105D900085801998219B006814AA16A9704DA84700
:105DA0001B98704B9847DFF8B491DFF8DCA16422B0
:105DB00000231A986C498847002840F08D800CA871
:105DC000C047199DDDF850B02868D047594628686B
:105DD000DFF8B8B10CAB02AAD847002860D11A98F6
:105DE000604B9847614B98470DA8A047DFE73846BE
:105DF00014F8011BD04782E75D490CA8B04710A8F2
:105E0000FF210CAAA8470CA8A04700238DF8043056
:105E1000012315A9D1E8EF2F002A03D1C1E8E03F03
:105E20000028F7D15AD1504E4C4D642200231B98C4
:105E3000B047002869D11998219B0068484D14AAE1
:105E400016A9A8471B98474DA847DFF81091DFF81F
:105E500040A1DFF818B1642200231A98B047002847
:105E60005BD10CA8C047149919980CAB01AAD04774
:105E700000284CD01A98A8470C9D0DA9324B09A8B0
:105E800098472946344B09AA10A8984709A8A04763
:105E90000DA8A047374B10A8984729E0A84771E7FD
:105EA0000C9B0DA945F8043F281D334B98471A98C1
:105EB0002C4B98470C9D0DA9234B09A898472946C0
:105EC000254B09AA10A8984709A8A0470DA8A047E4
:105ED000284B10A8984798E7C84768E724490CA8BA
:105EE000B04710A8FF211C4B0CAA98470CA8A0474C
:105EF00016A8A04711A8A04706A8A047029D3846AB
:105F0000A047284623B0BDE8F08FA8478DE71A9830
:105F1000A847D8470DA8A0479DE7C8479BE710A80A
:105F2000B0473A462846154B10A9984710A8A047F5
:105F3000CDF80880E2E700BFAA03000000000000DF
:105F4000000000004E020000000000000000000001
:105F500000000000580200000000000000000000E7
:105F60000000000000000000000000000000000031
:105F700076020000000000000000000000000000A9
:105F80000000000000000000000000000000000011
:105F9000000000002DE9F041044600F130070E46F4
:105FA00015464FF0FF334FF0FF3238460649884719
:105FB00020462946054B40F8046B98473846BDE813
:105FC000F041034B184700BF000000000000000034
:105FD0000000000038B5044600F130054FF0FF32F4
:105FE00007494FF0FF332846884724682846002C8D
:105FF000D4BF00240124034B9847204638BD00BF7E
:1060000000000000000000002DE9F043D0F8146407
:1060100004460F4690461D468BB096B14A4B04A8E5
:1060200098474A4B04A89847D4F81034211D1944C6
:106030003246474B04A8984738B90026454B05A877
:10604000984730460BB0BDE8F0834FF00009424E50
:1060500003AB02AA01A904A8CDF80490B0470646F4
:106060000028EAD0039BBB42E7D1029B3B4F012BA8
:106070001BD02846FC233A4940F8043B394B98474B
:106080002046D4F81024D4F81414B847D4F81034A7
:106090002BB94FF0FF32C4F80C34C4F80824D4F8FC
:1060A0001C340133C4F81C34C8E7019B042B05D011
:1060B0002846FC232C4940F8043BDFE72B4B04A87F
:1060C0008DF800909847C02831D19DF824301BB13D
:1060D000DDE905239A4208D100238DF825302846B2
:1060E000FC23234940F8043BC8E79B1A089AB2EB0B
:1060F000A30FF1D21F4B04A898479DF825308DF8C7
:106100000000002BEBD041461B4B04A89847002809
:10611000E5D0D4F810242AB94FF0FF33C4F80C248A
:10612000C4F808342046D4F81414B84786E76A4601
:106130002946124B04A898470028EAD12846FC2398
:106140000F4940F8043B99E7000000000000000000
:10615000000000000000000000000000000000003F
:10616000F6000000000000000F0100000000000029
:106170002C010000000000000000000000000000F2
:106180004D0100002DE9F04F012204468A4689B0F6
:1061900000F11403D3E8EF1F002903D1C3E8E02F77
:1061A0000028F7D10CBF1546002534D1DFF8008157
:1061B000324D64220023E06AC04700283BD1606A68
:1061C000636C006804F1100204F118012C4DA8471B
:1061D0002C4EE06AB047DFF8A490DFF8D8B0642214
:1061E0000023A06AC047002845D1274B04A8984740
:1061F000656A27692868D84739465246234F286878
:1062000004ABB847224FC0B9A06AB047214B9847AA
:1062100005A8B847E3E72049204B04A89847FF2189
:1062200020461F4B04AA9847194B04A898472846B4
:1062300009B0BDE8F08FA847BBE7049B05A945F866
:10624000043F281D174B9847A06AB047049D164B82
:1062500005A901A898472946114B01AA204698474D
:1062600001A8B84705A8B8472046104B984780F0CA
:106270000100C0B2DCE7C847B1E700BF0000000082
:10628000000000000000000000000000000000000E
:106290000000000000000000760200000000000086
:1062A00000000000000000000000000000000000EE
:1062B00000000000000000002DE9F04FA3B00646EA
:1062C000039179B100F5087B4FF0FF334FF0FF32B7
:1062D0005846DFF8D081C04796F834322BB958467B
:1062E000604B984723B0BDE8F08F002435695E49C4
:1062F0005E4F09A8CDE906440894B8472B4653F8E9
:10630000102BDFF8A49110A8CDE90123DFF89CA1A0
:10631000C84709A916A8CDE91444D047019A029BA1
:1063200019921A9314222146514B24351CA81B950F
:10633000984703AB21934F4B1CA898474E490CA894
:10634000B8474E4DFF210CAA10A8A8474C4C0CA8EA
:10635000A04709A8A0474B4B06A910A898470028BA
:1063600046D158463F4EB04700238DF814300123E4
:1063700015A9D1E8EF2F002A03D1C1E8E03F00289A
:10638000F7D1019650D1404F642200231B98C0479B
:1063900000285BD11998219B00683C4F14AA16A9CC
:1063A000B8471B982F4FB847DFF8DCB064220023B2
:1063B0001A98C047002853D10CA8C847344E1499E6
:1063C00019980CAB05AAB047002841D0019B1A9838
:1063D00098470C9E0DA909A8D047314609AA10A8D4
:1063E000A84709A8A0470DA8A0472A4B10A824E059
:1063F000DDE906218A42B4D0D6F81C32B3F5007F1D
:1064000010D0D6F81432107833441875D6F81432F8
:106410000133C3F30803C6F81432D6F81C32013333
:10642000C6F81C320132E5E71B490CA8B84710A892
:10643000FF210CAAA847124B0CA8984716A8A04702
:1064400011A8A047154B06A898474BE7B8479BE70C
:106450001A98B847124B9847094B0DA89847A5E7DB
:10646000D847A3E70000000045020000000000003C
:1064700000000000000000005802000000000000C2
:10648000000000000000000000000000000000000C
:106490000000000000000000760200000000000084
:1064A00000000000000000000000000000000000EC
:1064B00038B5044600F508750B494FF0FF324FF030
:1064C000FF3328468847D4F81C12C1F50071002913
:1064D00002DD2046054B9847D4F81C422846044B61
:1064E0009847204638BD00BF0000000000000000B3
:1064F00000000000F8B52E4A2E4E13680133012B20
:10650000136006D100222C4BC3E907221E601A76C5
:106510005A620024294F142221462948C6E9004422
:10652000F460B847142221462648B8471422214671
:106530002548B8474FF4847221462448C6E91344DD
:10654000B847234B234DB3604FF47A73AB60224BB3
:106550004FF40072214605F114002B6086F860416B
:106560006C602E61B8471422214605F50870C5F805
:106570001442C5F81842C5F81C42B8474FF480735E
:10658000164AA5F8343213680133012B13600DD17C
:106590000326134DC5E9004405F108004FF4846259
:1065A0000021B847013E05F58565F3D1F8BD00BF70
:1065B00000000000000000000000000000000000DB
:1065C0001000000024000000380000005800000007
:1065D00000000000000000000800000000000000B3
:1065E0000000000008B5064A1368013B1360054A25
:1065F0001368013B136013B90348044B984708BD67
:1066000000000000000000001C000000000000006E
:106610007047000038B50346094C056820685A6881
:1066200003681178DB6A984701212068A940036854
:10663000C9B21B689847206803685B6B984738BDF0
:106640000000000010B5094C4168236809781A68F9
:106650001846D26A90472068002103681B68984753
:10666000206803685B6B984710BD00BF0000000006
:10667000F8B5234A13680133012B136007D1214B6E
:10668000214A1A600022C3E907221A765A620024BE
:106690001E4B1F4A1C705C709C70FF23547013705B
:1066A00094701C4A1470547093701B4A1470537089
:1066B00094701A4A137053709470194A137054707E
:1066C0009370184A147053709370174A1370537074
:1066D0009370164A13680133012B13600ED1032601
:1066E000134D144FC5E9004405F108004FF48462CE
:1066F0000021B847013E05F58565F3D1F8BD00BF1F
:106700000000000000000000000000000000000089
:106710000000000000000000000000000000000079
:106720000000000000000000000000000000000069
:10673000000000000000000008B5064A1368013B95
:106740001360054A1368013B136013B90348044BF7
:10675000984708BD00000000000000001C00000079
:10676000000000000A23A1FB0301014B184700BFF2
:10677000000000002DE9F743054698460A9E4F08A1
:1067800092FA92F9686839460368DB6A9847686844
:106790000222036801A95B68ADF804909847686815
:1067A000002103681B6B984704460028EAD16868FB
:1067B000202E0368DB6B1DD96868321B0368202A12
:1067C00028BF20223946DB6B9847686803681B693D
:1067D000984738B9B442EFD3A01B18BF012003B0CB
:1067E000BDE8F083686803685B69984708F80400AF
:1067F0000134EAE7324639469847686803681B69FE
:1068000098470028E8D0686803685B69984708F8EB
:1068100004000134F1E7000030B51C46002385B0C8
:1068200003930423054D0093C9B203ABA84710B9E5
:10683000039B1BBA236005B030BD00BF0000000001
:1068400030B51C46002385B0ADF80C300223064D50
:106850000093C9B203ABA84718B9BDF80C305BBAB6
:10686000238005B030BD00BF0000000013B5012437
:10687000C9B20094014CA04702B010BD0000000056
:106880002DE9F347054691469A4600240A9F4FEAB0
:1068900051086868BC42036805D301211B6B984707
:1068A00002B0BDE8F0873E1B202E28BF20264146BF
:1068B000DB6A9847686809EB04031A0A8DF805300B
:1068C00003688DF804205B68022201A99847686874
:1068D000324603680AEB04015B68984740B13444D0
:1068E000A742D6D06868012103681B6B9847D0E7A0
:1068F0000120D5E71FB58DF80F300123034C00931D
:10690000C9B20DF10F03A04704B010BD0000000094
:106910001FB55BBAADF80C300223034C0093C9B22B
:1069200003ABA04704B010BD000000001FB51BBAA8
:1069300003930423034C0093C9B203ABA04704B0F4
:1069400010BD00BF00000000F8B5124A1368013303
:10695000012B136007D1104B104A1A600022C3E9C3
:1069600007221A765A620E4A13680133012B13600C
:106970000FD1032500260B4C0B4FC4E9006604F130
:1069800008004FF484620021B847013D04F5856496
:10699000F3D1F8BD0000000000000000000000007E
:1069A00000000000000000000000000008B5064ADA
:1069B0001368013B1360054A1368013B136013B968
:1069C0000348044B984708BD000000000000000089
:1069D0001C0000000000000070B504460D464B0886
:1069E00001228189014EB047A58170BD00000000E1
:1069F00010B4044C0B46A44640F20F1281895DF896
:106A0000044B60470000000010B4044C0123A4466E
:106A1000862281895DF8044B604700BF00000000BA
:106A200010B4044C0023A446872281895DF8044BEE
:106A3000604700BF000000002DE9F34130220E4600
:106A4000DFF844800DF1070381890746C0479DF8B0
:106A5000074005460DF1070331223846B989C4F3D2
:106A600000148DF80740C0479DF8073084F00104FA
:106A700003F001031A1B534240EA05005341C0B220
:106A8000337002B0BDE8F081000000002DE9F34151
:106A90006C228189194C01AB0546A047019B044635
:106AA000A989174EF3B9212387222846B04740F21F
:106AB000E9360443DFF85480124FE4B20DF10301CC
:106AC0002846C0479DF8031020430129C4B20BD1CA
:106AD0002846B84728460C4B98472043C0B202B01E
:106AE000BDE8F0814023DFE7013EB6B20121284630
:106AF00016B9B847FF24EDE7B847DFE7000000000C
:106B00000000000000000000000000000000000085
:106B10002DE9F74388460DF10603144681890622C4
:106B2000DFF834910746C847BDF80630EBB14FF0A7
:106B30008045B5FBF3F54FF410634FF47A765D436F
:106B4000A8F10A03BE2B06FB08F64FEA951511D8EB
:106B500080B9002C42D123466C223C4C3846B9897E
:106B6000A047A6F6C416044607E01E461D4660F080
:106B70000100C0B260F00100C4B2FE2C30D0EB08BE
:106B8000AA0803EB0633B3FBF2F300224FEA063800
:106B9000013BFF2B02F1010151D803EB02239BB211
:106BA0005E223846B9892A4EB0470C235D4308EB74
:106BB000D513AD09B3FBF5F300220443E4B2013B66
:106BC000FF2B02F101013DD803EB0223384661227D
:106BD000B9899BB2B0470443E0B202E0A04503D3B9
:106BE000FE2003B0BDE8F083DE22B98901AB384650
:106BF000C84707EE904A9FED177AF8EE677ABDF81E
:106C0000043067EE877AC3F3090307EE103AB8EE53
:106C1000477A67EE877AFCEEE77A80460B4CADF850
:106C200004306C2217EE903A3846B989A047A6F591
:106C3000865648EA00040C3EE4B276089DE70A4610
:106C40005B08A6E70A465B08BAE700BF0000000041
:106C5000000000003D0A873F000000002DE9F743D7
:106C6000044640F2E9354FF00008404E404F0DF128
:106C70000703E5222046A189B0479DF8073048EA7E
:106C80000000032B5FFA80F856D101212046B84757
:106C90002D25DFF8F490374EAAB2204619F8013BB3
:106CA000A189B047013540EA0800882D5FFA80F8D5
:106CB000F2D1402387222046A189B04740EA080547
:106CC00040F2E938DFF8C490EDB20DF1070120463B
:106CD000C8479DF8071028430129C5B237D120467F
:106CE000B8472046244B9847244B054320469847F5
:106CF000EDB2A1890923082205432046B047EDB231
:106D0000A18900230B2205432046B047EDB2A1899B
:106D10004FF4A06324221A4E05432046B047EDB23B
:106D200000223221174B054320469847EDB22843F5
:106D3000C0B203B0BDE8F083013DADB201212046F1
:106D40001DB9B8474FF0FF08A2E7B8478FE708F131
:106D5000FF381FFA88F801212046B8F1000F02D150
:106D6000B847FF25BDE7B847AFE700BF0000000008
:106D70000000000000000000000000000000000013
:106D800000000000000000004000000000000000C3
:106D90002DE9F04106460D463C4B88B002AC03F1AC
:106DA0001807224618685968083303C2BB421446C4
:106DB000F7D18922B1890DF105033046344CA04743
:106DC0009DF80530804603F01F03172B8DF8053022
:106DD0009EBF20336B4413F8183C4FF08C0298BFD1
:106DE0008DF805309DF8053030462B70B1890DF1D6
:106DF0000603284FB847BDF8063048EA00081A0ACB
:106E0000FF2B5FFA88F8AA8105D8FF232B70404634
:106E100008B0BDE8F0818E22B1890DF1060330463D
:106E2000B847BDF806300446DB002B819022B189BB
:106E30000DF106033046B847BDF806309222DB005C
:106E4000AB80B18904430DF106033046B847BDF865
:106E5000063048EA04049B08EB81E4B2962204431E
:106E60000DF106033046B189B847BDF80630AA894E
:106E70006B802B89E4B2B3FBF2F36B81AB880443E4
:106E8000B3FBF2F35FFA84F8EB80C0E70000000088
:106E90000000000000000000F8B5124A136801333A
:106EA000012B136007D1104B104A1A600022C3E96E
:106EB00007221A765A620E4A13680133012B1360B7
:106EC0000FD1032500260B4C0B4FC4E9006604F1DB
:106ED00008004FF484620021B847013D04F5856441
:106EE000F3D1F8BD00000000000000000000000029
:106EF00000000000000000000000000008B5064A85
:106F00001368013B1360054A1368013B136013B912
:106F10000348044B984708BD000000000000000033
:106F20001C00000000000000F8B5124A136801338D
:106F3000012B136007D1104B104A1A600022C3E9DD
:106F400007221A765A620E4A13680133012B136026
:106F50000FD1032500260B4C0B4FC4E9006604F14A
:106F600008004FF484620021B847013D04F58564B0
:106F7000F3D1F8BD00000000000000000000000098
:106F800000000000000000000000000008B5064AF4
:106F90001368013B1360054A1368013B136013B982
:106FA0000348044B984708BD0000000000000000A3
:106FB0001C000000000000002DE9F34105461746C3
:106FC0001E4691FA91F8A868297903684908DB6A96
:106FD0009847A8680222036801A95B68ADF804809D
:106FE0009847A868002103681B6B9847044600284F
:106FF000E9D1A868202E03682979DB6B1DD9A86820
:10700000321B29790368202A28BF2022DB6B49081C
:107010009847A86803681B69984738B9B442EED30B
:10702000A01B18BF012002B0BDE8F081A86803686A
:107030005B69984738550134EBE732464908984771
:10704000A86803681B6998470028E9D0A868036806
:107050005B69984738550134F2E72DE9F743054657
:10706000884691461E460024A868B442036805D3AA
:1070700001211B6B984703B0BDE8F083371B202F1D
:1070800028BF20272979DB6A49089847A86808EBB8
:1070900004031A0A8DF8053003688DF804205B6834
:1070A000022201A99847A8683A46036809EB04013F
:1070B0005B68984740B13C44A642D5D0A8680021FF
:1070C00003681B6B9847CFE70120D4E713B5012372
:1070D0008DF80720024C0DF10702A04702B010BD49
:1070E0000000000013B552BAADF804200223024C90
:1070F00001AAA04702B010BD00000000042313B590
:1071000012BA0192024C0DEB0302A04702B010BD6F
:107110000000000010B50123014CA04710BD00BFC6
:1071200000000000002337B51446ADF80430054DCB
:10713000022301AAA84718B9BDF804305BBA23801E
:1071400003B030BD00000000002337B501930423D5
:107150001446054D0DEB0302A84710B9019B1BBA5D
:10716000236003B030BD00BF0000000008B50A2353
:10717000A1FB0301014B9847002008BD000000005F
:10718000F8B5124A13680133012B136007D1104B75
:10719000104A1A600022C3E907221A765A620E4A80
:1071A00013680133012B13600FD1032500260B4C0C
:1071B0000B4FC4E9006604F108004FF4846200211B
:1071C000B847013D04F58564F3D1F8BD0000000027
:1071D00000000000000000000000000000000000AF
:1071E0000000000008B5064A1368013B1360054A19
:1071F0001368013B136013B90348044B984708BD5B
:1072000000000000000000001C0000000000000062
:1072100038B505460C464A08024B012198472C71A7
:1072200038BD00BF000000000A46024B40F20F11BB
:10723000184700BF0000000001228621004B1847BC
:107240000000000037B5094B01AA6C21054698479C
:10725000019A0446064B3AB92122872128469847CD
:107260002043C0B203B030BD4022F6E7000000006A
:107270000000000000228721004B1847000000009A
:107280002DE9F3410E46DFF844800DF1070230216D
:107290000746C0479DF8074005460DF1070231211A
:1072A0003846C4F300148DF80740C0479DF80730F6
:1072B00084F0010403F001031A1B534240EA050065
:1072C0005341C0B2337002B0BDE8F081000000004D
:1072D0002DE9F7430C4617460621DFF82C910DF1F6
:1072E00006028046C847BDF80630E3B14FF080463D
:1072F000B6FBF3F64FF410634FF47A755E43A4F1D6
:107300000A03BE2B04FB05F54FEA961610D878B990
:10731000002F3ED13A466C214046384B9847A5F69F
:10732000C415044607E01D461E4660F00100C0B2C9
:1073300060F00100C4B2FE2C2DD0F208B30802EBBD
:107340000532B2FBF3F200232F03013AFF2A03F1C7
:1073500001014CD802EB032292B25E214046284D37
:10736000A8470C235E4307EBD612B609B2FBF6F230
:1073700000230443E4B2013AFF2A03F1010139D8A2
:1073800002EB03226121404692B2A8470443E0B2D7
:1073900002E0BC4203D3FE2003B0BDE8F083DE214F
:1073A00001AA4046C84707EE907A9FED167AF8EE9C
:1073B000677ABDF8043067EE877AC3F3090307EEF6
:1073C000103AB8EE477A67EE877AFCEEE77A044621
:1073D000ADF8043017EE902A6C214046074B9847D1
:1073E000A5F5865504430C3DE4B26D08A3E70B46B2
:1073F0005208ABE70B465208BEE700BF0000000092
:10740000000000003D0A873F000000002DE9F7431F
:10741000054640F2E9344FF000083D4E3D4FE5216E
:1074200028460DF10702B0479DF8073048EA0000F2
:10743000032B5FFA80F851D101212846B8472D244B
:10744000DFF8E890344EA1B2284619F8012BB04776
:10745000013440EA0800882C5FFA80F8F3D140221A
:1074600087212846B04740EA080440F2E938DFF8AF
:10747000C090E4B20DF107012846C8479DF80710F7
:1074800020430129C4B234D12846B8472846234BAB
:107490009847234B044328469847E4B20922082121
:1074A00004432846B047E4B200220B210443284697
:1074B000B047E4B24FF4A06224211A4B044328469B
:1074C0009847E4B200226421174B044328469847AA
:1074D000E4B22043C0B203B0BDE8F083013CA4B2E3
:1074E000012128461CB9B8474FF0FF08A7E7B84765
:1074F00095E708F1FF381FFA88F801212846B8F10E
:10750000000F02D1B847FF24C0E7B847B2E700BF79
:10751000000000000000000000000000000000006B
:107520000000000000000000000000009B000000C0
:10753000000000002DE9F04105460F46354B88B0AC
:1075400002AC03F11806224618685968083303C2D2
:10755000B3421446F7D10DF10502892128462E4B7E
:1075600098479DF805302D4E03F01F03172B8DF81B
:1075700005309EBF20336B4413F8183C0DF1060212
:1075800098BF8DF805309DF8053004463B708C217E
:107590002846B047BDF806300DF106021B0ABB8134
:1075A00080468E212846B047BDF8063048EA0008DC
:1075B000DB003B810DF1060290212846B047BDF863
:1075C000063044EA0804DB00E4B2BB800DF1060299
:1075D000922104432846B047BDF80630E4B29B0828
:1075E000FB810DF10602962104432846B047BDF801
:1075F0000630BA897B803B89E4B2B3FBF2F37B812E
:10760000BB882043B3FBF2F3C0B2FB8008B0BDE8F7
:10761000F08100BF18000000000000000000000022
:10762000F8B5124A13680133012B136007D1104BD0
:10763000104A1A600022C3E907221A765A620E4ADB
:1076400013680133012B13600FD1032500260B4C67
:107650000B4FC4E9006604F108004FF48462002176
:10766000B847013D04F58564F3D1F8BD0000000082
:10767000000000000000000000000000000000000A
:107680000000000008B5064A1368013B1360054A74
:107690001368013B136013B90348044B984708BDB6
:1076A00000000000000000001C00000000000000BE
:1076B000F8B5124A13680133012B136007D1104B40
:1076C000104A1A600022C3E907221A765A620E4A4B
:1076D00013680133012B13600FD1032500260B4CD7
:1076E0000B4FC4E9006604F108004FF484620021E6
:1076F000B847013D04F58564F3D1F8BD00000000F2
:107700000000000000000000000000000000000079
:107710000000000008B5064A1368013B1360054AE3
:107720001368013B136013B90348044B984708BD25
:1077300000000000000000001C000000000000002D
:10774000F8B5184A13680133012B136007D1164BA3
:10775000164A1A600022C3E907221A765A62144BAD
:10776000144A00251A606A221A72134A5D605A612F
:107770004FF480721A83114A9D7613680133012BEE
:1077800013600ED103260E4C0E4FC4E9005504F1D0
:1077900008004FF484620021B847013E04F5856477
:1077A000F3D1F8BD00000000000000000000000060
:1077B000000000000000000000093D000000000083
:1077C000000000000000000008B5064A1368013BF5
:1077D0001360054A1368013B136013B90348044B57
:1077E000984708BD00000000000000001C000000D9
:1077F00000000000F8B5144A13680133012B136030
:1078000007D1124B124A1A600022C3E907221A76E6
:107810005A6200260F4B104A1E711A600F4A1368F5
:107820000133012B13600ED103250D4C0D4FC4E91C
:10783000006604F108004FF484620021B847013D5E
:1078400004F58564F3D1F8BD0000000000000000DD
:107850000000000000000000000000000000000028
:10786000000000000000000008B5064A1368013B54
:107870001360054A1368013B136013B90348044BB6
:10788000984708BD00000000000000001C00000038
:1078900000000000F8B5144A13680133012B13608F
:1078A00007D1124B124A1A600022C3E907221A7646
:1078B0005A62104B104A1A60104A13680133012BA8
:1078C00013600FD1032500260D4C0E4FC4E900664E
:1078D00004F108004FF484620021B847013D04F52B
:1078E0008564F3D1F8BD00BF000000000000000077
:1078F0000000000000000000000000000000000088
:10790000000000000000000008B5064A1368013BB3
:107910001360054A1368013B136013B90348044B15
:10792000984708BD00000000000000001C00000097
:107930000000000030B54FF0C80C0024012502778C
:10794000FF22C0E902C5C0E90A220225C0E90C24D1
:10795000816164224FF47A71C0E90455C0E90E4494
:10796000C0E910120460848030BD0000F8B5154AEB
:1079700013680133012B136007D1134B134A1A60AC
:107980000022C3E907221A765A625322104B11498A
:1079900011489847114A13680133012B13600FD126
:1079A000032500260E4C0F4FC4E9006604F10800C1
:1079B0004FF484620021B847013D04F58564F3D19A
:1079C000F8BD00BF00000000000000000000000043
:1079D00000000000000000000000000000000000A7
:1079E000000000000000000008B5064A1368013BD3
:1079F0001360054A1368013B136013B90348044B35
:107A0000984708BD00000000000000001C000000B6
:107A10000000000010B5441A0298521AC01A4443DC
:107A200094FBF2F4E01810BD70B505460C4608460C
:107A300049B1054B98472B68024621462846BDE8C8
:107A400070405B68184770BD0000000008B5014B2E
:107A5000984708BD0000000038B5094D0446A84706
:107A6000E060236820465B699847002807DAA8474A
:107A7000E368C01AA3689842F3D34FF0FF3038BDD3
:107A800000000000816070472DE9F04107460D4677
:107A90000C46DFF81C808E18B44202D1601BBDE892
:107AA000F0813846C047031EF8DB04F8013BF3E7DA
:107AB0000000000000230A6802604A68C1E9003340
:107AC00042608A688B6082607047000010B504468F
:107AD000006808B1014B9847204610BD0000000027
:107AE00010B50446006808B1034B98470023C4E969
:107AF0000133236010BD00BF0000000038B504460C
:107B00000D460068034B0131984710B1C4E90005E8
:107B1000012038BD0000000010B50368044613B111
:107B200043688B4207D22046044B984720B1A36894
:107B30000BB922681370012010BD00BF00000000C7
:107B400070B50B4B0E46114604461546984720B9B2
:107B50002046084B9847204670BD2A463146064BC2
:107B60002068A560984700212268A368D154F2E7F5
:107B700000000000000000000000000038B50023F5
:107B800004460D46C0E90033836039B10846044B12
:107B9000984729460246034B20469847204638BD61
:107BA0000000000000000000884238B505460C4681
:107BB0000CD0074B0068984723682B60A368AB6024
:107BC00063686B600023C4E90133236038BD00BFE4
:107BD00000000000884210B50B46044604D0096836
:107BE00021B19A68034B9847204610BD024B984735
:107BF000FAE700BF0000000000000000002310B5FD
:107C00000446C0E900338360014B9847204610BD0D
:107C10000000000010B50446014B9847204610BDF7
:107C20000000000038B505460C4649B10846064B31
:107C3000984721460246054B28469847284638BDB6
:107C4000034B9847FAE700BF000000000000000067
:107C50000000000010B5002304468AB0C4E90033D8
:107C6000A3600846044B01A998472046034B01A98D
:107C7000984720460AB010BD000000000000000038
:107C8000F8B5044616460F46856809B90020F8BDC8
:107C900082B115442946084B98470028F6D0A368BE
:107CA0002068324618443946044B9847002223681E
:107CB000A5605A550120EAE700000000000000001E
:107CC0008A68014B096818470000000007B5054B9A
:107CD0008DF8071001220DF10701984703B05DF8F8
:107CE00004FB00BF00000000034600680A46096864
:107CF00028B911B1936843B919460846704739B994
:107D000099680029F9D00178F7E709784942F4E742
:107D1000004B18470000000008B582688B689A4243
:107D200005D1044B9847B0FA80F0400908BD002007
:107D3000FCE700BF0000000008B582682AB959B10D
:107D40000878B0FA80F0400908BD006809B90078E9
:107D5000F7E7024B9847F4E70120F5E70000000041
:107D6000F0B503468BB0084661B3911E222935D881
:107D70000A2A06D1002B04DA01275B4201AD29460D
:107D80000DE00027FAE7B3FBF2F602FB1633092BEE
:107D9000DCB21BD83033DBB201F8013B3346002B99
:107DA000F1D1A94210D0034617B12D2203F8012BBF
:107DB0001C460A46AA420CD84A1B8D4288BF0022A4
:107DC000002199540BB0F0BD1E46E3E704F15703C0
:107DD000E1E712F8016D04F8016BEBE70020F1E731
:107DE000004B184700000000004B1847000000003F
:107DF000004B184700000000004B1847000000002F
:107E0000004B184700000000004B1847000000001E
:107E1000004B184700000000004B1847000000000E
:107E2000004B184700000000004B184700000000FE
:107E300008B5014B984700BF0000000070470000E4
:107E400038B5054B9847054B9847054B9847054D66
:107E5000054CA847A047FCE7000000000000000018
:107E6000000000000000000000000000012838BFF2
:107E70000120014B184700BF00000000004B1847CD
:107E80000000000008467047004B18470000000043
:107E90002DE9F04F154C164E164FDFF85C8089B077
:107EA0002546B54204F1300402D309B0BDE8F08F95
:107EB00014ED027B54E90C0154E90A2354E908CE7D
:107EC00054E9069A54F810BC8DED067BCDE903AB5E
:107ED000CDE901E9CDF800C0B84754F8300C54F8AA
:107EE0000C1CC04754F8303C5D65D9E70000000029
:107EF00000000000000000000000000003460A46E9
:107F000019790123006803FA01F103691B6819421A
:107F100003D022B183681B6903E0002AFAD083688A
:107F2000DB681847034670B40C46DA880068197994
:107F30002243012405698C402B6812F0010F8668EA
:107F400014BF2343A3432B60336870BC1847000061
:107F500003460846054A52F82310814204D042F8ED
:107F6000230008B143691847704700BF782D00000F
:107F7000004B184700000000452870B504460D4628
:107F800019D800210C4B984745B94FF480310B4864
:107F90000B4B00EBC400BDE870401847022D01D127
:107FA0000849F4E7032D01D10749F0E7012D02D17B
:107FB0004FF4C021EBE770BD00000000000000009E
:107FC000000000001000010020000100452804D836
:107FD000024B03EBC000024B184770470000000043
:107FE0000000000010B5034B9847034C0A22002301
:107FF000A04710BD00000000000000004621002244
:10800000FF20074B01399A6383F83C0083F83D2039
:1080100083F83E2083F83F2003F14003F2D17047FC
:10802000F81B00008368DB6903B1184770470368D9
:1080300040F213421B6A18470069836903B118476D
:10804000704707B503688DF8071001225B680DF1D2
:108050000701984703B05DF804FB012070470069F1
:1080600043691847004B18470000000000490847C3
:108070000000000037B5044600F1D4054FF0FF3290
:108080004FF0FF3328460A4988470A4B04F1800025
:1080900001220DF1070198470446074B28469847EF
:1080A0001CB19DF8070003B030BD4FF0FF30FAE778
:1080B00000000000000000000000000037B504468A
:1080C00000F1D4054FF0FF324FF0FF3328460A4944
:1080D00088470A4B04F1800001220DF107019847FF
:1080E0000446074B284698471CB19DF8070003B08B
:1080F00030BD4FF0FF30FAE7000000000000000044
:108100000000000038B5044600F16805284608491B
:108110004FF0FF324FF0FF338847228C238B646A85
:108120009B1A9BB22846E41A024B9847204638BD5A
:10813000000000000000000070B5054600F1D40604
:108140004FF0FF32304607494FF0FF338847B5F80C
:108150008A30B5F886403046E41AA4B2024B9847FC
:10816000204670BD0000000000000000002337B56D
:108170008DF8073002F00F03012B0446009147D021
:10818000991E4B424B418DF8043002F0F003202B36
:1081900040D0302B0CBF0323012302F47062B2F5F0
:1081A000007F8DF8053037D0B2F5407F36D0B2F57C
:1081B000807F0CBF002303238DF806302368204600
:1081C000DB6A984720698368DB680BB1694698478A
:1081D0002069836823B19B6C13B1224610499847EC
:1081E00004F1D4054FF0FF3228460E494FF0FF331B
:1081F000884700232846C4E92133C4F88C300A4B51
:108200009847206983689B6A03B1984703B030BDE3
:108210000223B8E70223C0E70123CDE70223CBE71F
:1082200000000000000000000000000038B5044617
:10823000084D628BE38B9A4207D1064D2069836813
:108240001B6B0BB1984710B138BDA847F1E7A847A1
:10825000F4E700BF000000002DE9F84F044688460F
:1082600015460026DFF85890DFF858B004F168078B
:108270004FF0FF324FF0FF333846C847AA1B08EBD8
:1082800006010C4B04F11400984782463846D84743
:108290005644BAF1000F04D12069074B9847074BA9
:1082A0009847B542E2D12069034B98472846BDE87C
:1082B000F88F00BF00000000000000000000000078
:1082C00000000000000000002DE9F34704460069AB
:1082D00083685B6C43BB04F1D40600220023304664
:1082E0002F4DA8472F4F206983685B6B13BB206914
:1082F00083689B6913BB304604F168072A4EB04778
:10830000002200233846A847628BE38B9A4204D1AF
:10831000206983681B6A03B19847DFF89090DFF803
:1083200090A004F114081BE098470028D3D102B0B4
:10833000BDE8F08798470028D9D1DCE708226946D4
:108340009847021ED7DD082AA8BF0822694604F113
:108350008000B8470028C6DACDE769464046D047D6
:10836000206983685B6ABBB9658BE38BED1AADB29C
:108370007DB1082D28BF082569462A464046C847D2
:10838000206983685B6923B12A4669469847021EC3
:10839000E3DA3846B047CAE798470028E4D1F8E75F
:1083A00000000000000000000000000000000000CD
:1083B000000000000846014B184700BF0000000005
:1083C00010B504460122074B11465430984704F17A
:1083D000140323600023C4E90133E36040232361D5
:1083E000204610BD000000002DE9F0414FF00008CC
:1083F0004FF47A770D4C0E4B0E4E0F4D04F11400D6
:108400002361C4E901872660A84704F180000B4C72
:10841000A8470B4B04F11400C4E9018726602361CF
:10842000A84704F18000A847BDE8F08100000000E3
:108430000000000008000000000000000000000034
:108440000000000008B5FFF7FEFF08B5FFF7FEFFCC
:0684500008B5FFF7FEFF76
:1000000000000000070000000000000006000000E3
:1000100000000000030000000000000000000000DD
:10002000000000000C000000000000000B000000B9
:1000300000000000010000000000000002000000BD
:1000400000000000040000000000000008000000A4
:100050000000000009000000000000000F00000088
:10006000000000000E000000000000000D00000075
:100070000000000004000000000000000500000077
:100080000000000006000000000000000700000063
:10009000000000000100000000000000000000005F
:1000A000000000000B000000000000000A0000003B
:1000B000000000000200000000000000030000003B
:1000C0000000000001000000000000000600000029
:1000D0000000000002000000000000000700000017
:1000E0000000000002000000000000000800000006
:1000F00000000000030000000000000009000000F4
:1001000000000000050000000000000004000000E6
:1001100000000000060000000000000004000000D5
:1001200000000000070000000000000006000000C2
:1001300000000000080000000000000007000000B0
:10014000000000000E000000000000000900000098
:10015000000000000F00000000000000050000008B
:100160000000000003000000000000000800000084
:100170000000000000000000000000000800000077
:100180000000000001000000000000000A00000064
:10019000000000000A000000000000000B0000004A
:1001A000000000000C000000000000000D00000036
:1001B000000000000E000000000000000F00000022
:1001C000000000000000000000000000010000002E
:1001D000000000000200000000000000030000001A
:1001E0000000000004000000000000000500000006
:1001F00000000000060000000000000007000000F2
:1002000000000000080000000000000009000000DD
:10021000000000000A000000000000000D000000C7
:1002200000000000020000000000000003000000C9
:1002300000000000000000000000000000000000BE
:1002400000000000000000000000000000000000AE
:10025000000000000000000000000000000000009E
:10026000000000000000000000000000000000008E
:10027000000000000000000000000000000000007E
:10028000000000000000000000000000000000006E
:10029000000000000000000000000000000000005E
:1002A000000000000000000000000000000000004E
:1002B000000000000000000000000000000000003E
:1002C000000000000000000000000000000000002E
:1002D000000000000000000000000000000000001E
:1002E000000000000000000000000000000000000E
:1002F00000000000000000000000000000000000FE
:1003000000000000000000000000000000000000ED
:1003100000000000000000000000000000000000DD
:1003200000000000000000000000000000000000CD
:1003300000000000000000000000000000000000BD
:1003400000000000000000000000000000000000AD
:10035000000000000000000000000000000000009D
:10036000000000000000000000000000000000008D
:10037000000000000000000000000000000000007D
:10038000000000000000000000000000000000006D
:10039000000000000000000000000000000000005D
:1003A000000000000000000000000000000000004D
:1003B000000000000000000000000000000000003D
:1003C000000000000000000000000000000000002D
:1003D000000000000000000000000000000000001D
:1003E000000000000000000000000000000000000D
:1003F00000000000000000000000000000000000FD
:10040000FFFFFF05020401070300FFFF090DFFFFC7
:10041000FFFF0A06FFFF0B0CFFFFFF0502040107A9
:100420000300FFFF090DFFFFFFFF0A06FFFF0B0C94
:1004300044495354414E43450042555A5A4552008F
:100440001200001102000208000810010100000063
:1004500000FF000F0000000000200B00000214212C
:1004600000000500000000C8000038FF010008007F
:100470000001CC0701F10500A00080083800000051
:10048000000F8900000000000000010705060600BB
:100490000002C7FF9B0000000100001200001102D3
:1004A000000208000810010100000000FF000F001A
:1004B00000000000200B00000214210000050000D5
:1004C0000000C8000038FF010008000001CC07014F
:1004D000F10500A000800838000000000F8900002E
:1004E00000000000000107050606000002C7FF9B90
:1004F000000000010000556E6578706563746564E6
:1005000020726573706F6E73652074797065005525
:100510006E6578706563746564205250432072651F
:1005200073706F6E73652073697A650052657375B9
:100530006C74206E6F74207061727361626C6520E0
:1005400028636865636B2074797065290052504395
:10055000204572726F72206E6F74207061727361C9
:10056000626C652028636865636B20747970652907
:1005700000556E657870656374656420726573708C
:100580006F6E7365207479706500556E657870655F
:10059000637465642052504320726573706F6E738C
:1005A000652073697A6500526573756C74206E6F8F
:1005B00074207061727361626C6520286368656382
:1005C0006B20747970652900525043204572726F18
:1005D00072206E6F74207061727361626C65202886
:1005E000636865636B207479706529005F5F736170
:1005F00066655F5F004D4355207374617274696E68
:1006000067205250432042726964676520636F6DB2
:100610006D756E69636174696F6E0062726964679B
:100620006500242F726573657400242F7365744D03
:1006300061784D736753697A6500242F7265676925
:1006400073746572006D6F6E2F72656164006D6FFB
:100650006E2F777269746500546869732063616CEA
:100660006C206973206E6F742079657420657865DD
:10067000637574656400546869732063616C6C20F1
:100680006973206E6F206C6F6E6765722061766192
:10069000696C61626C65004C45445300556E73652E
:1006A0007269616C697A61626C6520706172616DFA
:1006B000657465727320617272617900546F6F2086
:1006C0006D616E7920706172616D65746572730021
:1006D0004D697373696E672063616C6C2070617221
:1006E000616D657465727320285741524E494E47BB
:1006F0003A2044656661756C7420706172616D208A
:100700007265736F6C7574696F6E206973206E6F9C
:100710007420696D706C656D656E74656429005731
:10072000726F6E67207479706520706172616D659B
:1007300074657220696E20706F736974696F6E3AA8
:100740002000546869732063616C6C206973206EAB
:100750006F206C6F6E67657220617661696C616293
:100760006C6500546869732063616C6C2069732048
:100770006E6F74207965742065786563757465643F
:1007800000766563746F723A3A7265736572766566
:1007900000766563746F723A3A5F4D5F72616E679F
:1007A000655F696E73657274000000766563746FCF
:1007B000723A3A5F4D5F7265616C6C6F635F696E30
:1007C0007365727400766563746F723A3A5F4D5F59
:1007D0007265616C6C6F635F696E73657274006DD6
:1007E0006F6E2F636F6E6E656374656400242F7681
:1007F000657273696F6E006765744D6561737572BC
:10080000650073657442757A7A6572007365744128
:100810006E696D616C4C65640073657457617374C7
:10082000654C65640053797374656D20486561702B
:1008300020656E643A2025700A0053797374656DE3
:1008400020486561702073746172743A2025700AC3
:1008500000536B6574636820486561702073746130
:1008600072743A2025702C2073697A652025700AED
:06087000006D61696E00DD
:108458000000000000000000000000000000000014
:0C84680000000000000000000000000008
:08B4E0007104000000000000EF
:10B4E8000000000000000000000000000000000054
:10B4F8000000000000000000000000000000000044
:10B508000000000000000000000000000000000033
:10B518000000000000000000000000000000000023
:04B52800000000001F
:10B52C00000000000000000000000000000000000F
:10B53C0000000000000000000000000000000000FF
:10B54C0000000000000000000000000000000000EF
:0CB55C00000000000000000000000000E3
:0400000300007E413A
:00000001FF
